datetime,year,kmeans,knn,lof,iforest,ensemble,date
2008-01-01,2008,0.16093943269883795,0.10612148678811323,0.8735626945590612,0.33300942389232224,0.36840825948458367,2008-01-01
2008-01-02,2008,0.11579038055377511,0.07854754313882087,0.1648774780348077,0.22969973884063358,0.14722878514200932,2008-01-02
2008-01-03,2008,0.15034038339519984,0.09937880814886997,0.6936619316799613,0.2253461652925308,0.29218182212914046,2008-01-03
2008-01-04,2008,0.1396333773001104,0.08985801744190162,1.9157483952665495e-12,0.22573011277750493,0.11380537688035818,2008-01-04
2008-01-05,2008,0.11345687650335856,0.07765440731631283,0.08153153012623794,0.2788806488067353,0.13788086568816116,2008-01-05
2008-01-06,2008,0.3428137761838342,0.25911807831198685,9.498538623002837e-12,0.6714047861068602,0.31833416015304494,2008-01-06
2008-01-07,2008,0.13964058622322464,0.08573655661008464,2.410006342088349e-13,0.2966712013912381,0.1305120860561971,2008-01-07
2008-01-08,2008,0.4655439984407666,0.33132776206697134,1.5975534131962058e-11,0.6358959581748629,0.3581919296746441,2008-01-08
2008-01-09,2008,0.12664487102162736,0.08594570877094602,0.2411674805612271,0.2637508895803577,0.17937723748353956,2008-01-09
2008-01-10,2008,0.4613595823621682,0.5729336343461012,1.2277656009095624e-11,0.8822070864570409,0.479125075794397,2008-01-10
2008-01-11,2008,0.23096794370815737,0.16889546579330286,1.1365115368412785e-11,0.4147526266244331,0.20365400903431463,2008-01-11
2008-01-12,2008,0.15423599577626462,0.10223290914245801,0.6712341848920707,0.21790374742386592,0.2864017093086648,2008-01-12
2008-01-13,2008,0.0,0.0,0.0,0.0,0.0,2008-01-13
2008-01-14,2008,0.0,0.0,0.0,0.0,0.0,2008-01-14
2008-01-15,2008,0.0,0.0,0.0,0.0,0.0,2008-01-15
2008-01-16,2008,0.0,0.0,0.0,0.0,0.0,2008-01-16
2008-01-17,2008,0.0,0.0,0.0,0.0,0.0,2008-01-17
2008-01-18,2008,0.0,0.0,0.0,0.0,0.0,2008-01-18
2008-01-19,2008,0.0,0.0,0.0,0.0,0.0,2008-01-19
2008-01-20,2008,0.0,0.0,0.0,0.0,0.0,2008-01-20
2008-01-21,2008,0.0,0.0,0.0,0.0,0.0,2008-01-21
2008-01-22,2008,0.0,0.0,0.0,0.0,0.0,2008-01-22
2008-01-23,2008,0.0,0.0,0.0,0.0,0.0,2008-01-23
2008-01-24,2008,0.0,0.0,0.0,0.0,0.0,2008-01-24
2008-01-25,2008,0.0,0.0,0.0,0.0,0.0,2008-01-25
2008-01-26,2008,0.0,0.0,0.0,0.0,0.0,2008-01-26
2008-01-27,2008,0.0,0.0,0.0,0.0,0.0,2008-01-27
2008-01-28,2008,0.0,0.0,0.0,0.0,0.0,2008-01-28
2008-01-29,2008,0.0,0.0,0.0,0.0,0.0,2008-01-29
2008-01-30,2008,0.0,0.0,0.0,0.0,0.0,2008-01-30
2008-01-31,2008,0.0,0.0,0.0,0.0,0.0,2008-01-31
2008-02-01,2008,0.1548549740880658,0.09502977291034893,3.1267578648285557e-12,0.32961894140494913,0.14487592210162265,2008-02-01
2008-02-02,2008,0.2000448402847733,0.12195371634464568,4.811151526241578e-12,0.3150334216052399,0.1592579945598675,2008-02-02
2008-02-03,2008,0.32107896118312296,0.20563069166352235,1.143066962179112e-11,0.452755393387328,0.244866261561351,2008-02-03
2008-02-04,2008,0.12707049147427574,0.08468243944980124,0.09325733588458045,0.24249208747029913,0.13687558856973914,2008-02-04
2008-02-05,2008,0.10586059050033896,0.07202950042617741,0.3863736616931098,0.23662261886998126,0.20022159287240185,2008-02-05
2008-02-06,2008,0.14729719453933285,0.07912093409219272,1.6168253220507102e-13,0.31755833833214653,0.13599411674095843,2008-02-06
2008-02-07,2008,0.1882176716573785,0.10431548418646983,2.0702059594840268e-12,0.3807174809947893,0.16831265921017696,2008-02-07
2008-02-08,2008,0.11693517179275743,0.07886966085738935,0.8197307877480288,0.27578582037949606,0.3228303601944179,2008-02-08
2008-02-09,2008,0.26467824347043784,0.20984771718509146,1.1934606310325971e-11,0.518628237309331,0.24828854949419876,2008-02-09
2008-02-10,2008,0.18905388800757764,0.1258491543200334,0.40113744285183295,0.33533173698064855,0.26284305554002313,2008-02-10
2008-02-11,2008,0.1201297233198389,0.0818826133412542,0.3933884556951892,0.2546890699634572,0.21252246557993487,2008-02-11
2008-02-12,2008,0.20246731070112928,0.14282105380251026,5.240301519538531e-12,0.3540067112761154,0.1748237689462488,2008-02-12
2008-02-13,2008,0.0,0.0,0.0,0.0,0.0,2008-02-13
2008-02-14,2008,0.0,0.0,0.0,0.0,0.0,2008-02-14
2008-02-15,2008,0.0,0.0,0.0,0.0,0.0,2008-02-15
2008-02-16,2008,0.0,0.0,0.0,0.0,0.0,2008-02-16
2008-02-17,2008,0.0,0.0,0.0,0.0,0.0,2008-02-17
2008-02-18,2008,0.0,0.0,0.0,0.0,0.0,2008-02-18
2008-02-19,2008,0.0,0.0,0.0,0.0,0.0,2008-02-19
2008-02-20,2008,0.0,0.0,0.0,0.0,0.0,2008-02-20
2008-02-21,2008,0.0,0.0,0.0,0.0,0.0,2008-02-21
2008-02-22,2008,0.0,0.0,0.0,0.0,0.0,2008-02-22
2008-02-23,2008,0.0,0.0,0.0,0.0,0.0,2008-02-23
2008-02-24,2008,0.0,0.0,0.0,0.0,0.0,2008-02-24
2008-02-25,2008,0.0,0.0,0.0,0.0,0.0,2008-02-25
2008-02-26,2008,0.0,0.0,0.0,0.0,0.0,2008-02-26
2008-02-27,2008,0.0,0.0,0.0,0.0,0.0,2008-02-27
2008-02-28,2008,0.0,0.0,0.0,0.0,0.0,2008-02-28
2008-02-29,2008,0.0,0.0,0.0,0.0,0.0,2008-02-29
2008-03-01,2008,0.7334943047468306,0.6675202081292018,2.3120395613760203e-11,0.8129933111607339,0.5535019560149717,2008-03-01
2008-03-02,2008,0.31274469893569196,0.20005262815253103,9.257924235420355e-12,0.3817664490624188,0.22364094403997492,2008-03-02
2008-03-03,2008,0.09899098876068091,0.06810455155252136,0.46465206350881383,0.20971364694919012,0.21036531269280156,2008-03-03
2008-03-04,2008,0.14814440808656712,0.09605127159536986,2.3713916655211724e-12,0.24118186154420806,0.1213443853071291,2008-03-04
2008-03-05,2008,0.2005950635828912,0.14604164750450258,4.345804105343393e-12,0.46486327122335386,0.20287499557877336,2008-03-05
2008-03-06,2008,0.14920873264769283,0.08038446284316997,2.8476547029754493e-13,0.38217263139496743,0.15294145672152876,2008-03-06
2008-03-07,2008,0.2328770589520406,0.15277353884504213,1.3325013820414058e-11,0.40112499906576643,0.19669389921904357,2008-03-07
2008-03-08,2008,0.16151108431880137,0.09809711010429953,7.554613361738151e-13,0.3295922984239326,0.14730012321194724,2008-03-08
2008-03-09,2008,0.30304766683239087,0.22700362165267518,1.0815339200177277e-11,0.5578901350921337,0.2719853558970038,2008-03-09
2008-03-10,2008,0.3185901706342047,0.26227875697098674,1.0059466708672347e-11,0.6434276606637732,0.30607414706975605,2008-03-10
2008-03-11,2008,0.15750708960807375,0.12019310923325943,5.090651995885084e-12,0.3385124776050114,0.15405316911285882,2008-03-11
2008-03-12,2008,0.15126311591803565,0.09954857359924553,0.4779815158487857,0.2643373616931823,0.2482826417648123,2008-03-12
2008-03-13,2008,0.0,0.0,0.0,0.0,0.0,2008-03-13
2008-03-14,2008,0.0,0.0,0.0,0.0,0.0,2008-03-14
2008-03-15,2008,0.0,0.0,0.0,0.0,0.0,2008-03-15
2008-03-16,2008,0.0,0.0,0.0,0.0,0.0,2008-03-16
2008-03-17,2008,0.0,0.0,0.0,0.0,0.0,2008-03-17
2008-03-18,2008,0.0,0.0,0.0,0.0,0.0,2008-03-18
2008-03-19,2008,0.0,0.0,0.0,0.0,0.0,2008-03-19
2008-03-20,2008,0.0,0.0,0.0,0.0,0.0,2008-03-20
2008-03-21,2008,0.0,0.0,0.0,0.0,0.0,2008-03-21
2008-03-22,2008,0.0,0.0,0.0,0.0,0.0,2008-03-22
2008-03-23,2008,0.0,0.0,0.0,0.0,0.0,2008-03-23
2008-03-24,2008,0.0,0.0,0.0,0.0,0.0,2008-03-24
2008-03-25,2008,0.0,0.0,0.0,0.0,0.0,2008-03-25
2008-03-26,2008,0.0,0.0,0.0,0.0,0.0,2008-03-26
2008-03-27,2008,0.0,0.0,0.0,0.0,0.0,2008-03-27
2008-03-28,2008,0.0,0.0,0.0,0.0,0.0,2008-03-28
2008-03-29,2008,0.0,0.0,0.0,0.0,0.0,2008-03-29
2008-03-30,2008,0.0,0.0,0.0,0.0,0.0,2008-03-30
2008-03-31,2008,0.0,0.0,0.0,0.0,0.0,2008-03-31
2008-04-01,2008,0.34798748423889675,0.5658685728637082,1.223232650208512e-11,0.9193638223001644,0.4583049698537504,2008-04-01
2008-04-02,2008,0.1014346097655673,0.06931403818118821,0.3519627891247961,0.23275217579146656,0.18886590321575455,2008-04-02
2008-04-03,2008,0.11750662173673565,0.07903739324983215,0.2132598589679004,0.17790805637313628,0.14692798258190112,2008-04-03
2008-04-04,2008,0.10706110906649476,0.07195998820718849,0.35786061480676956,0.209539891360376,0.1866054008602072,2008-04-04
2008-04-05,2008,0.20053007696271807,0.1838027264825333,6.766928569162249e-12,0.5442866215472535,0.23215485624981794,2008-04-05
2008-04-06,2008,0.18476188948026379,0.12157100241743886,0.44706661723188074,0.3386208187237003,0.2730050819633209,2008-04-06
2008-04-07,2008,0.15901176614805806,0.08088520008537174,2.2670188191099643e-13,0.3738965570538776,0.15344838082188353,2008-04-07
2008-04-08,2008,0.3756454188238158,0.2646157979402476,1.2807828858251294e-11,0.6284118060083532,0.31716825569630613,2008-04-08
2008-04-09,2008,0.15175484673992562,0.1019432783997648,0.6596343361651719,0.29078209369521035,0.3010286387500182,2008-04-09
2008-04-10,2008,0.6471423399735682,0.6864348287793685,1.747855571580184e-11,0.9437935023649713,0.5693426677838466,2008-04-10
2008-04-11,2008,0.1698240711322666,0.13243044747808524,7.31672993433829e-12,0.3866496424262879,0.17222604026098912,2008-04-11
2008-04-12,2008,0.38679963902522063,0.2607096752240841,1.366315385582223e-11,0.47754193193633687,0.2812628115498262,2008-04-12
2008-04-13,2008,0.0,0.0,0.0,0.0,0.0,2008-04-13
2008-04-14,2008,0.0,0.0,0.0,0.0,0.0,2008-04-14
2008-04-15,2008,0.0,0.0,0.0,0.0,0.0,2008-04-15
2008-04-16,2008,0.0,0.0,0.0,0.0,0.0,2008-04-16
2008-04-17,2008,0.0,0.0,0.0,0.0,0.0,2008-04-17
2008-04-18,2008,0.0,0.0,0.0,0.0,0.0,2008-04-18
2008-04-19,2008,0.0,0.0,0.0,0.0,0.0,2008-04-19
2008-04-20,2008,0.0,0.0,0.0,0.0,0.0,2008-04-20
2008-04-21,2008,0.0,0.0,0.0,0.0,0.0,2008-04-21
2008-04-22,2008,0.0,0.0,0.0,0.0,0.0,2008-04-22
2008-04-23,2008,0.0,0.0,0.0,0.0,0.0,2008-04-23
2008-04-24,2008,0.0,0.0,0.0,0.0,0.0,2008-04-24
2008-04-25,2008,0.0,0.0,0.0,0.0,0.0,2008-04-25
2008-04-26,2008,0.0,0.0,0.0,0.0,0.0,2008-04-26
2008-04-27,2008,0.0,0.0,0.0,0.0,0.0,2008-04-27
2008-04-28,2008,0.0,0.0,0.0,0.0,0.0,2008-04-28
2008-04-29,2008,0.0,0.0,0.0,0.0,0.0,2008-04-29
2008-04-30,2008,0.0,0.0,0.0,0.0,0.0,2008-04-30
2008-05-01,2008,0.5578051599411005,0.4018221024925326,1.4083651147782166e-11,0.8234465371828443,0.44576844990764025,2008-05-01
2008-05-02,2008,0.12043164269057957,0.08047430504884345,0.1744888211479278,0.251692268252699,0.15677175928501247,2008-05-02
2008-05-03,2008,0.1248769343259628,0.08391918197192784,0.12910081508447474,0.24538951301147707,0.14582161109846062,2008-05-03
2008-05-04,2008,0.4804909104415246,0.3448755294107389,1.0188960013336454e-11,0.7512355719851066,0.3941505029618898,2008-05-04
2008-05-05,2008,0.16121420877260292,0.1064447541567399,0.8036163341903052,0.2720626466705674,0.33583448594755383,2008-05-05
2008-05-06,2008,0.27461023671857715,0.17209987884883654,8.194370201653753e-12,0.42233779940902727,0.21726197874615882,2008-05-06
2008-05-07,2008,0.12171990613805822,0.08188365730058185,0.8515052494998688,0.32185738513640777,0.34424154951872915,2008-05-07
2008-05-08,2008,0.10830691490124635,0.07394696493893793,0.5301933959751576,0.20018858170712467,0.2281589643806166,2008-05-08
2008-05-09,2008,0.16109635994433932,0.10736201525977637,0.7518834947224954,0.3141768966959163,0.33362969165563183,2008-05-09
2008-05-10,2008,0.2816674610875063,0.22324522579861322,1.2675288014829683e-11,0.5620542988051692,0.266741746425991,2008-05-10
2008-05-11,2008,0.15887065042482917,0.10402554486168984,0.05519981289848591,0.27849986250980485,0.14914896767370245,2008-05-11
2008-05-12,2008,0.30494246895446286,0.24851231836296295,1.0237815179391416e-11,0.6342748062641392,0.2969323983979507,2008-05-12
2008-05-13,2008,0.0,0.0,0.0,0.0,0.0,2008-05-13
2008-05-14,2008,0.0,0.0,0.0,0.0,0.0,2008-05-14
2008-05-15,2008,0.0,0.0,0.0,0.0,0.0,2008-05-15
2008-05-16,2008,0.0,0.0,0.0,0.0,0.0,2008-05-16
2008-05-17,2008,0.0,0.0,0.0,0.0,0.0,2008-05-17
2008-05-18,2008,0.0,0.0,0.0,0.0,0.0,2008-05-18
2008-05-19,2008,0.0,0.0,0.0,0.0,0.0,2008-05-19
2008-05-20,2008,0.0,0.0,0.0,0.0,0.0,2008-05-20
2008-05-21,2008,0.0,0.0,0.0,0.0,0.0,2008-05-21
2008-05-22,2008,0.0,0.0,0.0,0.0,0.0,2008-05-22
2008-05-23,2008,0.0,0.0,0.0,0.0,0.0,2008-05-23
2008-05-24,2008,0.0,0.0,0.0,0.0,0.0,2008-05-24
2008-05-25,2008,0.0,0.0,0.0,0.0,0.0,2008-05-25
2008-05-26,2008,0.0,0.0,0.0,0.0,0.0,2008-05-26
2008-05-27,2008,0.0,0.0,0.0,0.0,0.0,2008-05-27
2008-05-28,2008,0.0,0.0,0.0,0.0,0.0,2008-05-28
2008-05-29,2008,0.0,0.0,0.0,0.0,0.0,2008-05-29
2008-05-30,2008,0.0,0.0,0.0,0.0,0.0,2008-05-30
2008-05-31,2008,0.0,0.0,0.0,0.0,0.0,2008-05-31
2008-06-01,2008,0.18413293792337668,0.12029729717089313,4.2293421704390605e-12,0.37005654729992427,0.16862169559960585,2008-06-01
2008-06-02,2008,0.1357018234416019,0.08944869453531208,0.38770859882218567,0.22521307147083436,0.2095180470674835,2008-06-02
2008-06-03,2008,0.10888997526304468,0.07435190401753393,0.48032211693483756,0.27576910514854514,0.23483327534099033,2008-06-03
2008-06-04,2008,0.11826961296848068,0.07679221244844545,1.0610951413506494e-12,0.2954409616875069,0.12262569677637353,2008-06-04
2008-06-05,2008,0.28804090185527786,0.2047388239993464,9.15822963325426e-12,0.4702778660038416,0.24076439796690602,2008-06-05
2008-06-06,2008,0.13552394758520642,0.09046480238138895,0.8901370449187994,0.281333152189976,0.34936473676884267,2008-06-06
2008-06-07,2008,0.16352984079733557,0.0812766048269192,1.5910257492973258e-13,0.3493517345753758,0.14853954504994743,2008-06-07
2008-06-08,2008,0.12324102853955149,0.08394664074496978,0.1884969941732617,0.23905031945123362,0.15868374572725413,2008-06-08
2008-06-09,2008,0.1395595134933287,0.08323445297991744,6.512409362290844e-13,0.3020357742381468,0.13120743517801103,2008-06-09
2008-06-10,2008,0.12109571832804618,0.08098762798050121,0.3481469603202522,0.2633018205870927,0.2033830318039731,2008-06-10
2008-06-11,2008,0.1456183096110589,0.11887778152700706,5.090929377066076e-12,0.3626830935206406,0.15679479616594938,2008-06-11
2008-06-12,2008,0.27411396556115986,0.23044807190620714,9.415981559278403e-12,0.6313075527563535,0.28396739755828415,2008-06-12
2008-06-13,2008,0.0,0.0,0.0,0.0,0.0,2008-06-13
2008-06-14,2008,0.0,0.0,0.0,0.0,0.0,2008-06-14
2008-06-15,2008,0.0,0.0,0.0,0.0,0.0,2008-06-15
2008-06-16,2008,0.0,0.0,0.0,0.0,0.0,2008-06-16
2008-06-17,2008,0.0,0.0,0.0,0.0,0.0,2008-06-17
2008-06-18,2008,0.0,0.0,0.0,0.0,0.0,2008-06-18
2008-06-19,2008,0.0,0.0,0.0,0.0,0.0,2008-06-19
2008-06-20,2008,0.0,0.0,0.0,0.0,0.0,2008-06-20
2008-06-21,2008,0.0,0.0,0.0,0.0,0.0,2008-06-21
2008-06-22,2008,0.0,0.0,0.0,0.0,0.0,2008-06-22
2008-06-23,2008,0.0,0.0,0.0,0.0,0.0,2008-06-23
2008-06-24,2008,0.0,0.0,0.0,0.0,0.0,2008-06-24
2008-06-25,2008,0.0,0.0,0.0,0.0,0.0,2008-06-25
2008-06-26,2008,0.0,0.0,0.0,0.0,0.0,2008-06-26
2008-06-27,2008,0.0,0.0,0.0,0.0,0.0,2008-06-27
2008-06-28,2008,0.0,0.0,0.0,0.0,0.0,2008-06-28
2008-06-29,2008,0.0,0.0,0.0,0.0,0.0,2008-06-29
2008-06-30,2008,0.0,0.0,0.0,0.0,0.0,2008-06-30
2008-07-01,2008,0.14464068904291655,0.09575490538997691,0.46215778623565174,0.30130777062624176,0.25096528782369676,2008-07-01
2008-07-02,2008,0.10981198969070162,0.07302935619635513,0.6527936990833557,0.20128703564728137,0.25923052015442344,2008-07-02
2008-07-03,2008,0.2915659440792965,0.18442167921998942,1.1681320421841265e-11,0.33082484259033684,0.20170311647532602,2008-07-03
2008-07-04,2008,0.2551406273700081,0.1592419346702734,5.461250139201517e-12,0.43166786595185835,0.21151260699940028,2008-07-04
2008-07-05,2008,0.14811024397722483,0.09793729490222933,0.7430663672532392,0.29408164758945754,0.3207988884305377,2008-07-05
2008-07-06,2008,0.14597702392739026,0.08301218089508765,6.087296197444621e-13,0.3639367520156514,0.1482314892096845,2008-07-06
2008-07-07,2008,0.1590038065411131,0.08332273067511296,5.126409114708884e-13,0.36582801097665857,0.1520386370483493,2008-07-07
2008-07-08,2008,0.15059984539813048,0.10088159380090275,0.31332392932637865,0.3007814173606336,0.21639669647151136,2008-07-08
2008-07-09,2008,0.1364378361796621,0.09209777531529421,0.38053698023271526,0.32524518860761825,0.23357944508382245,2008-07-09
2008-07-10,2008,0.2888353553832788,0.23398255995978387,1.2020834332825261e-11,0.5982157142739831,0.28025840740726665,2008-07-10
2008-07-11,2008,0.1170640275801358,0.0773926826329574,0.7296136472177484,0.20824317087840527,0.28307838207731173,2008-07-11
2008-07-12,2008,0.06792410713454505,0.0460934523267123,0.4804607618331835,0.12743391922216155,0.1804780601291506,2008-07-12
2008-07-13,2008,0.0,0.0,0.0,0.0,0.0,2008-07-13
2008-07-14,2008,0.0,0.0,0.0,0.0,0.0,2008-07-14
2008-07-15,2008,0.0,0.0,0.0,0.0,0.0,2008-07-15
2008-07-16,2008,0.0,0.0,0.0,0.0,0.0,2008-07-16
2008-07-17,2008,0.0,0.0,0.0,0.0,0.0,2008-07-17
2008-07-18,2008,0.0,0.0,0.0,0.0,0.0,2008-07-18
2008-07-19,2008,0.0,0.0,0.0,0.0,0.0,2008-07-19
2008-07-20,2008,0.0,0.0,0.0,0.0,0.0,2008-07-20
2008-07-21,2008,0.0,0.0,0.0,0.0,0.0,2008-07-21
2008-07-22,2008,0.0,0.0,0.0,0.0,0.0,2008-07-22
2008-07-23,2008,0.0,0.0,0.0,0.0,0.0,2008-07-23
2008-07-24,2008,0.0,0.0,0.0,0.0,0.0,2008-07-24
2008-07-25,2008,0.0,0.0,0.0,0.0,0.0,2008-07-25
2008-07-26,2008,0.0,0.0,0.0,0.0,0.0,2008-07-26
2008-07-27,2008,0.0,0.0,0.0,0.0,0.0,2008-07-27
2008-07-28,2008,0.0,0.0,0.0,0.0,0.0,2008-07-28
2008-07-29,2008,0.0,0.0,0.0,0.0,0.0,2008-07-29
2008-07-30,2008,0.0,0.0,0.0,0.0,0.0,2008-07-30
2008-07-31,2008,0.0,0.0,0.0,0.0,0.0,2008-07-31
2008-08-01,2008,0.16841142106933515,0.11098969318476223,0.17064607232557666,0.2628069102942442,0.17821352421847958,2008-08-01
2008-08-02,2008,0.11447988049631977,0.07663686479419096,0.17003090058151712,0.1994106553018313,0.1401395752934648,2008-08-02
2008-08-03,2008,1.0,1.0,2.626114056786205e-11,1.0,0.7500000000065653,2008-08-03
2008-08-04,2008,0.08692537182292126,0.05942643815013384,0.5211331245188378,0.19428925854145157,0.21544354825833611,2008-08-04
2008-08-05,2008,0.21958523156663315,0.13783465462522493,6.258460453496949e-12,0.3726916833562915,0.182527892388602,2008-08-05
2008-08-06,2008,0.17686856006981483,0.08810579689808741,8.866382242598536e-14,0.418730109131056,0.17092611652476172,2008-08-06
2008-08-07,2008,0.1503791632331659,0.0875206430363592,1.1926230048476609e-13,0.309842704928977,0.13693562779965535,2008-08-07
2008-08-08,2008,0.13482306682937792,0.08773853485926139,1.1827514431399006e-12,0.2680530095513289,0.12265365281028773,2008-08-08
2008-08-09,2008,0.15430752920287652,0.09963220838588026,3.583270862452775e-12,0.33828651061536047,0.14805656205192513,2008-08-09
2008-08-10,2008,0.11339569808669327,0.07596884632198359,1.3071230101772127e-12,0.26987035202067533,0.11480872410766482,2008-08-10
2008-08-11,2008,0.1045699687545576,0.07207660427732968,0.11957284585063845,0.25577101288746346,0.1379976079424973,2008-08-11
2008-08-12,2008,0.06987121972001885,0.04792354111492653,0.4483506169303674,0.1508255230881042,0.17924272521335421,2008-08-12
2008-08-13,2008,0.0,0.0,0.0,0.0,0.0,2008-08-13
2008-08-14,2008,0.0,0.0,0.0,0.0,0.0,2008-08-14
2008-08-15,2008,0.0,0.0,0.0,0.0,0.0,2008-08-15
2008-08-16,2008,0.0,0.0,0.0,0.0,0.0,2008-08-16
2008-08-17,2008,0.0,0.0,0.0,0.0,0.0,2008-08-17
2008-08-18,2008,0.0,0.0,0.0,0.0,0.0,2008-08-18
2008-08-19,2008,0.0,0.0,0.0,0.0,0.0,2008-08-19
2008-08-20,2008,0.0,0.0,0.0,0.0,0.0,2008-08-20
2008-08-21,2008,0.0,0.0,0.0,0.0,0.0,2008-08-21
2008-08-22,2008,0.0,0.0,0.0,0.0,0.0,2008-08-22
2008-08-23,2008,0.0,0.0,0.0,0.0,0.0,2008-08-23
2008-08-24,2008,0.0,0.0,0.0,0.0,0.0,2008-08-24
2008-08-25,2008,0.0,0.0,0.0,0.0,0.0,2008-08-25
2008-08-26,2008,0.0,0.0,0.0,0.0,0.0,2008-08-26
2008-08-27,2008,0.0,0.0,0.0,0.0,0.0,2008-08-27
2008-08-28,2008,0.0,0.0,0.0,0.0,0.0,2008-08-28
2008-08-29,2008,0.0,0.0,0.0,0.0,0.0,2008-08-29
2008-08-30,2008,0.0,0.0,0.0,0.0,0.0,2008-08-30
2008-08-31,2008,0.0,0.0,0.0,0.0,0.0,2008-08-31
2008-09-01,2008,0.19849680535869546,0.12800330878319122,4.46357052835077e-12,0.3618675067094862,0.17209190521395912,2008-09-01
2008-09-02,2008,0.14092334973859655,0.09329001862027012,0.2901816240694973,0.22058014283261485,0.1862437838152447,2008-09-02
2008-09-03,2008,0.13103588835970842,0.07664428783709248,3.307068823422339e-13,0.31131986836519066,0.12975001114058057,2008-09-03
2008-09-04,2008,0.0951945457182138,0.06546625088336643,0.3281170211738314,0.19353380844352905,0.17057790655473518,2008-09-04
2008-09-05,2008,0.09907667914676331,0.06699725619283665,0.5671075528277983,0.20532535358901804,0.2346267104391041,2008-09-05
2008-09-06,2008,0.1469436018945346,0.08729250307846603,1.218008567319296e-12,0.3355431975085738,0.1424448256206981,2008-09-06
2008-09-07,2008,0.15298324539085012,0.08849362885026879,2.9531951528851634e-13,0.3225611896912791,0.14100951598317335,2008-09-07
2008-09-08,2008,0.15691439150283282,0.10400915204198986,0.7308130090195635,0.3412745769668676,0.3332527823828134,2008-09-08
2008-09-09,2008,0.12109269875028826,0.08234815733760457,0.30518085858823035,0.27325398158754205,0.19546892406591632,2008-09-09
2008-09-10,2008,0.26285679105919135,0.1694366659797164,1.2699577127843653e-11,0.40221196600291953,0.2086263557636317,2008-09-10
2008-09-11,2008,0.09755302230383563,0.06755306346769517,0.3000184354200375,0.22185745815609295,0.1717454948369153,2008-09-11
2008-09-12,2008,0.06351740142455921,0.04479682119313418,0.46764638666464764,0.12802544213979503,0.17599651285553403,2008-09-12
2008-09-13,2008,0.0,0.0,0.0,0.0,0.0,2008-09-13
2008-09-14,2008,0.0,0.0,0.0,0.0,0.0,2008-09-14
2008-09-15,2008,0.0,0.0,0.0,0.0,0.0,2008-09-15
2008-09-16,2008,0.0,0.0,0.0,0.0,0.0,2008-09-16
2008-09-17,2008,0.0,0.0,0.0,0.0,0.0,2008-09-17
2008-09-18,2008,0.0,0.0,0.0,0.0,0.0,2008-09-18
2008-09-19,2008,0.0,0.0,0.0,0.0,0.0,2008-09-19
2008-09-20,2008,0.0,0.0,0.0,0.0,0.0,2008-09-20
2008-09-21,2008,0.0,0.0,0.0,0.0,0.0,2008-09-21
2008-09-22,2008,0.0,0.0,0.0,0.0,0.0,2008-09-22
2008-09-23,2008,0.0,0.0,0.0,0.0,0.0,2008-09-23
2008-09-24,2008,0.0,0.0,0.0,0.0,0.0,2008-09-24
2008-09-25,2008,0.0,0.0,0.0,0.0,0.0,2008-09-25
2008-09-26,2008,0.0,0.0,0.0,0.0,0.0,2008-09-26
2008-09-27,2008,0.0,0.0,0.0,0.0,0.0,2008-09-27
2008-09-28,2008,0.0,0.0,0.0,0.0,0.0,2008-09-28
2008-09-29,2008,0.0,0.0,0.0,0.0,0.0,2008-09-29
2008-09-30,2008,0.0,0.0,0.0,0.0,0.0,2008-09-30
2008-10-01,2008,0.13606633119622913,0.0898479583321959,0.5438222055933536,0.28485743179809614,0.2636484817299687,2008-10-01
2008-10-02,2008,0.1030320223711215,0.06878971316676606,0.7532814580561392,0.17739406097294025,0.2756243136417418,2008-10-02
2008-10-03,2008,0.09725409922265062,0.0664993210670676,0.41683886809826104,0.22114373418391975,0.20043400564297476,2008-10-03
2008-10-04,2008,0.14280314175025133,0.09374641371630793,0.04835603299204465,0.2390398332800403,0.13098635543466106,2008-10-04
2008-10-05,2008,0.13185447664988034,0.08791926491012539,0.5068071577304529,0.24059077732268405,0.24179291915328568,2008-10-05
2008-10-06,2008,0.15255828369004532,0.08270028849167055,2.732546663196969e-13,0.34951531126731783,0.14619347086232673,2008-10-06
2008-10-07,2008,0.16123814982515974,0.08144455646021226,1.7402089804955238e-13,0.2981392500498318,0.13520548908384447,2008-10-07
2008-10-08,2008,0.2293731321521414,0.1630893957013519,6.3976228660762685e-12,0.4095672114184656,0.2005074348195891,2008-10-08
2008-10-09,2008,0.14391984052780932,0.08900469086808745,1.4528655083943634e-12,0.30495006424376664,0.13446864891027907,2008-10-09
2008-10-10,2008,0.4968707932447499,0.47986952320277454,1.3854541568151342e-11,0.8651432733374529,0.460470897449708,2008-10-10
2008-10-11,2008,0.08778006829892454,0.06093587509610538,0.4102045040753034,0.2144250531795383,0.1933363751624679,2008-10-11
2008-10-12,2008,0.08499632904199467,0.05778384155372803,0.49569742396126115,0.1828931028352601,0.20534267434806097,2008-10-12
2008-10-13,2008,0.0,0.0,0.0,0.0,0.0,2008-10-13
2008-10-14,2008,0.0,0.0,0.0,0.0,0.0,2008-10-14
2008-10-15,2008,0.0,0.0,0.0,0.0,0.0,2008-10-15
2008-10-16,2008,0.0,0.0,0.0,0.0,0.0,2008-10-16
2008-10-17,2008,0.0,0.0,0.0,0.0,0.0,2008-10-17
2008-10-18,2008,0.0,0.0,0.0,0.0,0.0,2008-10-18
2008-10-19,2008,0.0,0.0,0.0,0.0,0.0,2008-10-19
2008-10-20,2008,0.0,0.0,0.0,0.0,0.0,2008-10-20
2008-10-21,2008,0.0,0.0,0.0,0.0,0.0,2008-10-21
2008-10-22,2008,0.0,0.0,0.0,0.0,0.0,2008-10-22
2008-10-23,2008,0.0,0.0,0.0,0.0,0.0,2008-10-23
2008-10-24,2008,0.0,0.0,0.0,0.0,0.0,2008-10-24
2008-10-25,2008,0.0,0.0,0.0,0.0,0.0,2008-10-25
2008-10-26,2008,0.0,0.0,0.0,0.0,0.0,2008-10-26
2008-10-27,2008,0.0,0.0,0.0,0.0,0.0,2008-10-27
2008-10-28,2008,0.0,0.0,0.0,0.0,0.0,2008-10-28
2008-10-29,2008,0.0,0.0,0.0,0.0,0.0,2008-10-29
2008-10-30,2008,0.0,0.0,0.0,0.0,0.0,2008-10-30
2008-10-31,2008,0.0,0.0,0.0,0.0,0.0,2008-10-31
2008-11-01,2008,0.14233456142015855,0.0936318858077933,0.7596495970014066,0.2908718299716468,0.3216219685502513,2008-11-01
2008-11-02,2008,0.11270813965811376,0.07529954377375467,0.7088207744049456,0.2093217187517617,0.27653754414714393,2008-11-02
2008-11-03,2008,0.47560105410670034,0.407464475660043,1.1476679824430314e-11,0.803783555140782,0.4217122712297505,2008-11-03
2008-11-04,2008,0.2187124769563452,0.1274692953019635,4.628365195654605e-12,0.37925803500337624,0.18135995181657832,2008-11-04
2008-11-05,2008,0.18821716588814572,0.12386275209055074,0.33107976721819915,0.3919143167460623,0.25876850048573946,2008-11-05
2008-11-06,2008,0.1479308960318216,0.08563755078589866,5.401274303424308e-13,0.330615130969485,0.14104589444693635,2008-11-06
2008-11-07,2008,0.12197079758616351,0.08139250938536503,1.249974964008212e-12,0.23256499246327414,0.10898207485901316,2008-11-07
2008-11-08,2008,0.1515221972697737,0.1019622280017818,0.10439524227190586,0.2825832011952412,0.16011571718467565,2008-11-08
2008-11-09,2008,0.11920021375342167,0.08145553864385022,0.26939558790295987,0.2549946320217693,0.18126149308050027,2008-11-09
2008-11-10,2008,0.4218760759819274,0.32176757554735497,9.444098800778764e-12,0.7185084818692814,0.36553803335200197,2008-11-10
2008-11-11,2008,0.07167850506402947,0.04906695400048407,0.5140159897429635,0.1370031935868302,0.1929411605985768,2008-11-11
2008-11-12,2008,0.7838878704909518,0.8702795697417477,2.022299011371943e-11,0.9648784153742802,0.6547614639068007,2008-11-12
2008-11-13,2008,0.0,0.0,0.0,0.0,0.0,2008-11-13
2008-11-14,2008,0.0,0.0,0.0,0.0,0.0,2008-11-14
2008-11-15,2008,0.0,0.0,0.0,0.0,0.0,2008-11-15
2008-11-16,2008,0.0,0.0,0.0,0.0,0.0,2008-11-16
2008-11-17,2008,0.0,0.0,0.0,0.0,0.0,2008-11-17
2008-11-18,2008,0.0,0.0,0.0,0.0,0.0,2008-11-18
2008-11-19,2008,0.0,0.0,0.0,0.0,0.0,2008-11-19
2008-11-20,2008,0.0,0.0,0.0,0.0,0.0,2008-11-20
2008-11-21,2008,0.0,0.0,0.0,0.0,0.0,2008-11-21
2008-11-22,2008,0.0,0.0,0.0,0.0,0.0,2008-11-22
2008-11-23,2008,0.0,0.0,0.0,0.0,0.0,2008-11-23
2008-11-24,2008,0.0,0.0,0.0,0.0,0.0,2008-11-24
2008-11-25,2008,0.0,0.0,0.0,0.0,0.0,2008-11-25
2008-11-26,2008,0.0,0.0,0.0,0.0,0.0,2008-11-26
2008-11-27,2008,0.0,0.0,0.0,0.0,0.0,2008-11-27
2008-11-28,2008,0.0,0.0,0.0,0.0,0.0,2008-11-28
2008-11-29,2008,0.0,0.0,0.0,0.0,0.0,2008-11-29
2008-11-30,2008,0.0,0.0,0.0,0.0,0.0,2008-11-30
2008-12-01,2008,0.11881217246725348,0.07899479362695061,0.7910898256298969,0.25092039915236913,0.30995429771911753,2008-12-01
2008-12-02,2008,0.09861376715360515,0.0669785612108845,0.4619825567844376,0.23168579784749918,0.2148151707491066,2008-12-02
2008-12-03,2008,0.20171630772018406,0.1443305692036883,4.449373374523337e-12,0.4193411418927672,0.19134700470527224,2008-12-03
2008-12-04,2008,0.21624034362977781,0.14193218848298733,0.2247881607555901,0.35800240654014737,0.23524077485212566,2008-12-04
2008-12-05,2008,0.08497527233770107,0.058897528637545986,0.5901693769746656,0.17970429982612404,0.22843661944400917,2008-12-05
2008-12-06,2008,0.1285634417242698,0.08668475780203225,0.8525635959739147,0.2834404668092745,0.33781306557737284,2008-12-06
2008-12-07,2008,0.19551446293604366,0.12949092372900192,0.4837825366770077,0.3616651814217925,0.29261327619096145,2008-12-07
2008-12-08,2008,0.13179950803925997,0.08599975085103637,4.317499702892108e-12,0.2709225947992902,0.12218046342347601,2008-12-08
2008-12-09,2008,0.128002692946786,0.08547670729753629,3.826883699311144e-12,0.26481516087828705,0.11957364028160905,2008-12-09
2008-12-10,2008,0.08382949146670138,0.056355394621326035,0.5809833567073113,0.18660554595833098,0.22694344718841744,2008-12-10
2008-12-11,2008,0.0837102783439781,0.05593786528326421,0.5783460909385764,0.16217371444887263,0.22004198725367283,2008-12-11
2008-12-12,2008,0.5779262310249744,0.6540988360879498,1.863192350137246e-11,0.8780727108325814,0.5275244444910344,2008-12-12
2008-12-13,2008,0.0,0.0,0.0,0.0,0.0,2008-12-13
2008-12-14,2008,0.0,0.0,0.0,0.0,0.0,2008-12-14
2008-12-15,2008,0.0,0.0,0.0,0.0,0.0,2008-12-15
2008-12-16,2008,0.0,0.0,0.0,0.0,0.0,2008-12-16
2008-12-17,2008,0.0,0.0,0.0,0.0,0.0,2008-12-17
2008-12-18,2008,0.0,0.0,0.0,0.0,0.0,2008-12-18
2008-12-19,2008,0.0,0.0,0.0,0.0,0.0,2008-12-19
2008-12-20,2008,0.0,0.0,0.0,0.0,0.0,2008-12-20
2008-12-21,2008,0.0,0.0,0.0,0.0,0.0,2008-12-21
2008-12-22,2008,0.0,0.0,0.0,0.0,0.0,2008-12-22
2008-12-23,2008,0.0,0.0,0.0,0.0,0.0,2008-12-23
2008-12-24,2008,0.0,0.0,0.0,0.0,0.0,2008-12-24
2008-12-25,2008,0.0,0.0,0.0,0.0,0.0,2008-12-25
2008-12-26,2008,0.0,0.0,0.0,0.0,0.0,2008-12-26
2008-12-27,2008,0.0,0.0,0.0,0.0,0.0,2008-12-27
2008-12-28,2008,0.0,0.0,0.0,0.0,0.0,2008-12-28
2008-12-29,2008,0.0,0.0,0.0,0.0,0.0,2008-12-29
2008-12-30,2008,0.0,0.0,0.0,0.0,0.0,2008-12-30
2008-12-31,2008,0.0,0.0,0.0,0.0,0.0,2008-12-31
2009-01-01,2009,0.0,0.0,0.0,0.0,0.0,2009-01-01
2009-01-02,2009,0.0,0.0,0.0,0.0,0.0,2009-01-02
2009-01-03,2009,0.0,0.0,0.0,0.0,0.0,2009-01-03
2009-01-04,2009,0.0,0.0,0.0,0.0,0.0,2009-01-04
2009-01-05,2009,0.0,0.0,0.0,0.0,0.0,2009-01-05
2009-01-06,2009,0.0,0.0,0.0,0.0,0.0,2009-01-06
2009-01-07,2009,0.0,0.0,0.0,0.0,0.0,2009-01-07
2009-01-08,2009,0.0,0.0,0.0,0.0,0.0,2009-01-08
2009-01-09,2009,0.0,0.0,0.0,0.0,0.0,2009-01-09
2009-01-10,2009,0.0,0.0,0.0,0.0,0.0,2009-01-10
2009-01-11,2009,0.0,0.0,0.0,0.0,0.0,2009-01-11
2009-01-12,2009,0.0,0.0,0.0,0.0,0.0,2009-01-12
2009-01-13,2009,0.0,0.0,0.0,0.0,0.0,2009-01-13
2009-01-14,2009,0.0,0.0,0.0,0.0,0.0,2009-01-14
2009-01-15,2009,0.0,0.0,0.0,0.0,0.0,2009-01-15
2009-01-16,2009,0.0,0.0,0.0,0.0,0.0,2009-01-16
2009-01-17,2009,0.0,0.0,0.0,0.0,0.0,2009-01-17
2009-01-18,2009,0.0,0.0,0.0,0.0,0.0,2009-01-18
2009-01-19,2009,0.0,0.0,0.0,0.0,0.0,2009-01-19
2009-01-20,2009,0.0,0.0,0.0,0.0,0.0,2009-01-20
2009-01-21,2009,0.0,0.0,0.0,0.0,0.0,2009-01-21
2009-01-22,2009,0.0,0.0,0.0,0.0,0.0,2009-01-22
2009-01-23,2009,0.0,0.0,0.0,0.0,0.0,2009-01-23
2009-01-24,2009,0.0,0.0,0.0,0.0,0.0,2009-01-24
2009-01-25,2009,0.0,0.0,0.0,0.0,0.0,2009-01-25
2009-01-26,2009,0.0,0.0,0.0,0.0,0.0,2009-01-26
2009-01-27,2009,0.0,0.0,0.0,0.0,0.0,2009-01-27
2009-01-28,2009,0.0,0.0,0.0,0.0,0.0,2009-01-28
2009-01-29,2009,0.0,0.0,0.0,0.0,0.0,2009-01-29
2009-01-30,2009,0.0,0.0,0.0,0.0,0.0,2009-01-30
2009-01-31,2009,0.0,0.0,0.0,0.0,0.0,2009-01-31
2009-02-01,2009,0.0,0.0,0.0,0.0,0.0,2009-02-01
2009-02-02,2009,0.0,0.0,0.0,0.0,0.0,2009-02-02
2009-02-03,2009,0.0,0.0,0.0,0.0,0.0,2009-02-03
2009-02-04,2009,0.0,0.0,0.0,0.0,0.0,2009-02-04
2009-02-05,2009,0.0,0.0,0.0,0.0,0.0,2009-02-05
2009-02-06,2009,0.0,0.0,0.0,0.0,0.0,2009-02-06
2009-02-07,2009,0.0,0.0,0.0,0.0,0.0,2009-02-07
2009-02-08,2009,0.0,0.0,0.0,0.0,0.0,2009-02-08
2009-02-09,2009,0.0,0.0,0.0,0.0,0.0,2009-02-09
2009-02-10,2009,0.0,0.0,0.0,0.0,0.0,2009-02-10
2009-02-11,2009,0.0,0.0,0.0,0.0,0.0,2009-02-11
2009-02-12,2009,0.0,0.0,0.0,0.0,0.0,2009-02-12
2009-02-13,2009,0.0,0.0,0.0,0.0,0.0,2009-02-13
2009-02-14,2009,0.0,0.0,0.0,0.0,0.0,2009-02-14
2009-02-15,2009,0.0,0.0,0.0,0.0,0.0,2009-02-15
2009-02-16,2009,0.0,0.0,0.0,0.0,0.0,2009-02-16
2009-02-17,2009,0.0,0.0,0.0,0.0,0.0,2009-02-17
2009-02-18,2009,0.0,0.0,0.0,0.0,0.0,2009-02-18
2009-02-19,2009,0.0,0.0,0.0,0.0,0.0,2009-02-19
2009-02-20,2009,0.0,0.0,0.0,0.0,0.0,2009-02-20
2009-02-21,2009,0.0,0.0,0.0,0.0,0.0,2009-02-21
2009-02-22,2009,0.0,0.0,0.0,0.0,0.0,2009-02-22
2009-02-23,2009,0.0,0.0,0.0,0.0,0.0,2009-02-23
2009-02-24,2009,0.0,0.0,0.0,0.0,0.0,2009-02-24
2009-02-25,2009,0.0,0.0,0.0,0.0,0.0,2009-02-25
2009-02-26,2009,0.0,0.0,0.0,0.0,0.0,2009-02-26
2009-02-27,2009,0.0,0.0,0.0,0.0,0.0,2009-02-27
2009-02-28,2009,0.0,0.0,0.0,0.0,0.0,2009-02-28
2009-03-01,2009,0.0,0.0,0.0,0.0,0.0,2009-03-01
2009-03-02,2009,0.0,0.0,0.0,0.0,0.0,2009-03-02
2009-03-03,2009,0.0,0.0,0.0,0.0,0.0,2009-03-03
2009-03-04,2009,0.0,0.0,0.0,0.0,0.0,2009-03-04
2009-03-05,2009,0.0,0.0,0.0,0.0,0.0,2009-03-05
2009-03-06,2009,0.0,0.0,0.0,0.0,0.0,2009-03-06
2009-03-07,2009,0.0,0.0,0.0,0.0,0.0,2009-03-07
2009-03-08,2009,0.0,0.0,0.0,0.0,0.0,2009-03-08
2009-03-09,2009,0.0,0.0,0.0,0.0,0.0,2009-03-09
2009-03-10,2009,0.0,0.0,0.0,0.0,0.0,2009-03-10
2009-03-11,2009,0.0,0.0,0.0,0.0,0.0,2009-03-11
2009-03-12,2009,0.0,0.0,0.0,0.0,0.0,2009-03-12
2009-03-13,2009,0.0,0.0,0.0,0.0,0.0,2009-03-13
2009-03-14,2009,0.0,0.0,0.0,0.0,0.0,2009-03-14
2009-03-15,2009,0.0,0.0,0.0,0.0,0.0,2009-03-15
2009-03-16,2009,0.0,0.0,0.0,0.0,0.0,2009-03-16
2009-03-17,2009,0.0,0.0,0.0,0.0,0.0,2009-03-17
2009-03-18,2009,0.0,0.0,0.0,0.0,0.0,2009-03-18
2009-03-19,2009,0.0,0.0,0.0,0.0,0.0,2009-03-19
2009-03-20,2009,0.0,0.0,0.0,0.0,0.0,2009-03-20
2009-03-21,2009,0.0,0.0,0.0,0.0,0.0,2009-03-21
2009-03-22,2009,0.0,0.0,0.0,0.0,0.0,2009-03-22
2009-03-23,2009,0.0,0.0,0.0,0.0,0.0,2009-03-23
2009-03-24,2009,0.0,0.0,0.0,0.0,0.0,2009-03-24
2009-03-25,2009,0.0,0.0,0.0,0.0,0.0,2009-03-25
2009-03-26,2009,0.0,0.0,0.0,0.0,0.0,2009-03-26
2009-03-27,2009,0.0,0.0,0.0,0.0,0.0,2009-03-27
2009-03-28,2009,0.0,0.0,0.0,0.0,0.0,2009-03-28
2009-03-29,2009,0.0,0.0,0.0,0.0,0.0,2009-03-29
2009-03-30,2009,0.0,0.0,0.0,0.0,0.0,2009-03-30
2009-03-31,2009,0.0,0.0,0.0,0.0,0.0,2009-03-31
2009-04-01,2009,0.0,0.0,0.0,0.0,0.0,2009-04-01
2009-04-02,2009,0.0,0.0,0.0,0.0,0.0,2009-04-02
2009-04-03,2009,0.0,0.0,0.0,0.0,0.0,2009-04-03
2009-04-04,2009,0.0,0.0,0.0,0.0,0.0,2009-04-04
2009-04-05,2009,0.0,0.0,0.0,0.0,0.0,2009-04-05
2009-04-06,2009,0.0,0.0,0.0,0.0,0.0,2009-04-06
2009-04-07,2009,0.0,0.0,0.0,0.0,0.0,2009-04-07
2009-04-08,2009,0.0,0.0,0.0,0.0,0.0,2009-04-08
2009-04-09,2009,0.0,0.0,0.0,0.0,0.0,2009-04-09
2009-04-10,2009,0.0,0.0,0.0,0.0,0.0,2009-04-10
2009-04-11,2009,0.0,0.0,0.0,0.0,0.0,2009-04-11
2009-04-12,2009,0.0,0.0,0.0,0.0,0.0,2009-04-12
2009-04-13,2009,0.0,0.0,0.0,0.0,0.0,2009-04-13
2009-04-14,2009,0.0,0.0,0.0,0.0,0.0,2009-04-14
2009-04-15,2009,0.0,0.0,0.0,0.0,0.0,2009-04-15
2009-04-16,2009,0.0,0.0,0.0,0.0,0.0,2009-04-16
2009-04-17,2009,0.0,0.0,0.0,0.0,0.0,2009-04-17
2009-04-18,2009,0.0,0.0,0.0,0.0,0.0,2009-04-18
2009-04-19,2009,0.0,0.0,0.0,0.0,0.0,2009-04-19
2009-04-20,2009,0.0,0.0,0.0,0.0,0.0,2009-04-20
2009-04-21,2009,0.0,0.0,0.0,0.0,0.0,2009-04-21
2009-04-22,2009,0.0,0.0,0.0,0.0,0.0,2009-04-22
2009-04-23,2009,0.0,0.0,0.0,0.0,0.0,2009-04-23
2009-04-24,2009,0.0,0.0,0.0,0.0,0.0,2009-04-24
2009-04-25,2009,0.0,0.0,0.0,0.0,0.0,2009-04-25
2009-04-26,2009,0.0,0.0,0.0,0.0,0.0,2009-04-26
2009-04-27,2009,0.0,0.0,0.0,0.0,0.0,2009-04-27
2009-04-28,2009,0.0,0.0,0.0,0.0,0.0,2009-04-28
2009-04-29,2009,0.0,0.0,0.0,0.0,0.0,2009-04-29
2009-04-30,2009,0.0,0.0,0.0,0.0,0.0,2009-04-30
2009-05-01,2009,0.0,0.0,0.0,0.0,0.0,2009-05-01
2009-05-02,2009,0.0,0.0,0.0,0.0,0.0,2009-05-02
2009-05-03,2009,0.0,0.0,0.0,0.0,0.0,2009-05-03
2009-05-04,2009,0.0,0.0,0.0,0.0,0.0,2009-05-04
2009-05-05,2009,0.0,0.0,0.0,0.0,0.0,2009-05-05
2009-05-06,2009,0.0,0.0,0.0,0.0,0.0,2009-05-06
2009-05-07,2009,0.0,0.0,0.0,0.0,0.0,2009-05-07
2009-05-08,2009,0.0,0.0,0.0,0.0,0.0,2009-05-08
2009-05-09,2009,0.0,0.0,0.0,0.0,0.0,2009-05-09
2009-05-10,2009,0.0,0.0,0.0,0.0,0.0,2009-05-10
2009-05-11,2009,0.0,0.0,0.0,0.0,0.0,2009-05-11
2009-05-12,2009,0.0,0.0,0.0,0.0,0.0,2009-05-12
2009-05-13,2009,0.0,0.0,0.0,0.0,0.0,2009-05-13
2009-05-14,2009,0.0,0.0,0.0,0.0,0.0,2009-05-14
2009-05-15,2009,0.0,0.0,0.0,0.0,0.0,2009-05-15
2009-05-16,2009,0.0,0.0,0.0,0.0,0.0,2009-05-16
2009-05-17,2009,0.0,0.0,0.0,0.0,0.0,2009-05-17
2009-05-18,2009,0.0,0.0,0.0,0.0,0.0,2009-05-18
2009-05-19,2009,0.0,0.0,0.0,0.0,0.0,2009-05-19
2009-05-20,2009,0.0,0.0,0.0,0.0,0.0,2009-05-20
2009-05-21,2009,0.0,0.0,0.0,0.0,0.0,2009-05-21
2009-05-22,2009,0.0,0.0,0.0,0.0,0.0,2009-05-22
2009-05-23,2009,0.0,0.0,0.0,0.0,0.0,2009-05-23
2009-05-24,2009,0.0,0.0,0.0,0.0,0.0,2009-05-24
2009-05-25,2009,0.0,0.0,0.0,0.0,0.0,2009-05-25
2009-05-26,2009,0.0,0.0,0.0,0.0,0.0,2009-05-26
2009-05-27,2009,0.0,0.0,0.0,0.0,0.0,2009-05-27
2009-05-28,2009,0.0,0.0,0.0,0.0,0.0,2009-05-28
2009-05-29,2009,0.0,0.0,0.0,0.0,0.0,2009-05-29
2009-05-30,2009,0.0,0.0,0.0,0.0,0.0,2009-05-30
2009-05-31,2009,0.0,0.0,0.0,0.0,0.0,2009-05-31
2009-06-01,2009,0.0,0.0,0.0,0.0,0.0,2009-06-01
2009-06-02,2009,0.0,0.0,0.0,0.0,0.0,2009-06-02
2009-06-03,2009,0.0,0.0,0.0,0.0,0.0,2009-06-03
2009-06-04,2009,0.0,0.0,0.0,0.0,0.0,2009-06-04
2009-06-05,2009,0.0,0.0,0.0,0.0,0.0,2009-06-05
2009-06-06,2009,0.0,0.0,0.0,0.0,0.0,2009-06-06
2009-06-07,2009,0.0,0.0,0.0,0.0,0.0,2009-06-07
2009-06-08,2009,0.0,0.0,0.0,0.0,0.0,2009-06-08
2009-06-09,2009,0.0,0.0,0.0,0.0,0.0,2009-06-09
2009-06-10,2009,0.0,0.0,0.0,0.0,0.0,2009-06-10
2009-06-11,2009,0.0,0.0,0.0,0.0,0.0,2009-06-11
2009-06-12,2009,0.0,0.0,0.0,0.0,0.0,2009-06-12
2009-06-13,2009,0.0,0.0,0.0,0.0,0.0,2009-06-13
2009-06-14,2009,0.0,0.0,0.0,0.0,0.0,2009-06-14
2009-06-15,2009,0.0,0.0,0.0,0.0,0.0,2009-06-15
2009-06-16,2009,0.0,0.0,0.0,0.0,0.0,2009-06-16
2009-06-17,2009,0.0,0.0,0.0,0.0,0.0,2009-06-17
2009-06-18,2009,0.0,0.0,0.0,0.0,0.0,2009-06-18
2009-06-19,2009,0.0,0.0,0.0,0.0,0.0,2009-06-19
2009-06-20,2009,0.0,0.0,0.0,0.0,0.0,2009-06-20
2009-06-21,2009,0.0,0.0,0.0,0.0,0.0,2009-06-21
2009-06-22,2009,0.0,0.0,0.0,0.0,0.0,2009-06-22
2009-06-23,2009,0.0,0.0,0.0,0.0,0.0,2009-06-23
2009-06-24,2009,0.0,0.0,0.0,0.0,0.0,2009-06-24
2009-06-25,2009,0.0,0.0,0.0,0.0,0.0,2009-06-25
2009-06-26,2009,0.0,0.0,0.0,0.0,0.0,2009-06-26
2009-06-27,2009,0.0,0.0,0.0,0.0,0.0,2009-06-27
2009-06-28,2009,0.0,0.0,0.0,0.0,0.0,2009-06-28
2009-06-29,2009,0.0,0.0,0.0,0.0,0.0,2009-06-29
2009-06-30,2009,0.0,0.0,0.0,0.0,0.0,2009-06-30
2009-07-01,2009,0.0,0.0,0.0,0.0,0.0,2009-07-01
2009-07-02,2009,0.0,0.0,0.0,0.0,0.0,2009-07-02
2009-07-03,2009,0.0,0.0,0.0,0.0,0.0,2009-07-03
2009-07-04,2009,0.0,0.0,0.0,0.0,0.0,2009-07-04
2009-07-05,2009,0.0,0.0,0.0,0.0,0.0,2009-07-05
2009-07-06,2009,0.0,0.0,0.0,0.0,0.0,2009-07-06
2009-07-07,2009,0.0,0.0,0.0,0.0,0.0,2009-07-07
2009-07-08,2009,0.0,0.0,0.0,0.0,0.0,2009-07-08
2009-07-09,2009,0.0,0.0,0.0,0.0,0.0,2009-07-09
2009-07-10,2009,0.0,0.0,0.0,0.0,0.0,2009-07-10
2009-07-11,2009,0.0,0.0,0.0,0.0,0.0,2009-07-11
2009-07-12,2009,0.0,0.0,0.0,0.0,0.0,2009-07-12
2009-07-13,2009,0.0,0.0,0.0,0.0,0.0,2009-07-13
2009-07-14,2009,0.0,0.0,0.0,0.0,0.0,2009-07-14
2009-07-15,2009,0.0,0.0,0.0,0.0,0.0,2009-07-15
2009-07-16,2009,0.0,0.0,0.0,0.0,0.0,2009-07-16
2009-07-17,2009,0.0,0.0,0.0,0.0,0.0,2009-07-17
2009-07-18,2009,0.0,0.0,0.0,0.0,0.0,2009-07-18
2009-07-19,2009,0.0,0.0,0.0,0.0,0.0,2009-07-19
2009-07-20,2009,0.0,0.0,0.0,0.0,0.0,2009-07-20
2009-07-21,2009,0.0,0.0,0.0,0.0,0.0,2009-07-21
2009-07-22,2009,0.0,0.0,0.0,0.0,0.0,2009-07-22
2009-07-23,2009,0.0,0.0,0.0,0.0,0.0,2009-07-23
2009-07-24,2009,0.0,0.0,0.0,0.0,0.0,2009-07-24
2009-07-25,2009,0.0,0.0,0.0,0.0,0.0,2009-07-25
2009-07-26,2009,0.0,0.0,0.0,0.0,0.0,2009-07-26
2009-07-27,2009,0.0,0.0,0.0,0.0,0.0,2009-07-27
2009-07-28,2009,0.0,0.0,0.0,0.0,0.0,2009-07-28
2009-07-29,2009,0.0,0.0,0.0,0.0,0.0,2009-07-29
2009-07-30,2009,0.0,0.0,0.0,0.0,0.0,2009-07-30
2009-07-31,2009,0.0,0.0,0.0,0.0,0.0,2009-07-31
2009-08-01,2009,0.0,0.0,0.0,0.0,0.0,2009-08-01
2009-08-02,2009,0.0,0.0,0.0,0.0,0.0,2009-08-02
2009-08-03,2009,0.0,0.0,0.0,0.0,0.0,2009-08-03
2009-08-04,2009,0.0,0.0,0.0,0.0,0.0,2009-08-04
2009-08-05,2009,0.0,0.0,0.0,0.0,0.0,2009-08-05
2009-08-06,2009,0.0,0.0,0.0,0.0,0.0,2009-08-06
2009-08-07,2009,0.0,0.0,0.0,0.0,0.0,2009-08-07
2009-08-08,2009,0.0,0.0,0.0,0.0,0.0,2009-08-08
2009-08-09,2009,0.0,0.0,0.0,0.0,0.0,2009-08-09
2009-08-10,2009,0.0,0.0,0.0,0.0,0.0,2009-08-10
2009-08-11,2009,0.0,0.0,0.0,0.0,0.0,2009-08-11
2009-08-12,2009,0.0,0.0,0.0,0.0,0.0,2009-08-12
2009-08-13,2009,0.0,0.0,0.0,0.0,0.0,2009-08-13
2009-08-14,2009,0.0,0.0,0.0,0.0,0.0,2009-08-14
2009-08-15,2009,0.0,0.0,0.0,0.0,0.0,2009-08-15
2009-08-16,2009,0.0,0.0,0.0,0.0,0.0,2009-08-16
2009-08-17,2009,0.0,0.0,0.0,0.0,0.0,2009-08-17
2009-08-18,2009,0.0,0.0,0.0,0.0,0.0,2009-08-18
2009-08-19,2009,0.0,0.0,0.0,0.0,0.0,2009-08-19
2009-08-20,2009,0.0,0.0,0.0,0.0,0.0,2009-08-20
2009-08-21,2009,0.0,0.0,0.0,0.0,0.0,2009-08-21
2009-08-22,2009,0.0,0.0,0.0,0.0,0.0,2009-08-22
2009-08-23,2009,0.0,0.0,0.0,0.0,0.0,2009-08-23
2009-08-24,2009,0.0,0.0,0.0,0.0,0.0,2009-08-24
2009-08-25,2009,0.0,0.0,0.0,0.0,0.0,2009-08-25
2009-08-26,2009,0.0,0.0,0.0,0.0,0.0,2009-08-26
2009-08-27,2009,0.0,0.0,0.0,0.0,0.0,2009-08-27
2009-08-28,2009,0.0,0.0,0.0,0.0,0.0,2009-08-28
2009-08-29,2009,0.0,0.0,0.0,0.0,0.0,2009-08-29
2009-08-30,2009,0.0,0.0,0.0,0.0,0.0,2009-08-30
2009-08-31,2009,0.0,0.0,0.0,0.0,0.0,2009-08-31
2009-09-01,2009,0.0,0.0,0.0,0.0,0.0,2009-09-01
2009-09-02,2009,0.0,0.0,0.0,0.0,0.0,2009-09-02
2009-09-03,2009,0.0,0.0,0.0,0.0,0.0,2009-09-03
2009-09-04,2009,0.0,0.0,0.0,0.0,0.0,2009-09-04
2009-09-05,2009,0.0,0.0,0.0,0.0,0.0,2009-09-05
2009-09-06,2009,0.0,0.0,0.0,0.0,0.0,2009-09-06
2009-09-07,2009,0.0,0.0,0.0,0.0,0.0,2009-09-07
2009-09-08,2009,0.0,0.0,0.0,0.0,0.0,2009-09-08
2009-09-09,2009,0.0,0.0,0.0,0.0,0.0,2009-09-09
2009-09-10,2009,0.0,0.0,0.0,0.0,0.0,2009-09-10
2009-09-11,2009,0.0,0.0,0.0,0.0,0.0,2009-09-11
2009-09-12,2009,0.0,0.0,0.0,0.0,0.0,2009-09-12
2009-09-13,2009,0.0,0.0,0.0,0.0,0.0,2009-09-13
2009-09-14,2009,0.0,0.0,0.0,0.0,0.0,2009-09-14
2009-09-15,2009,0.0,0.0,0.0,0.0,0.0,2009-09-15
2009-09-16,2009,0.0,0.0,0.0,0.0,0.0,2009-09-16
2009-09-17,2009,0.0,0.0,0.0,0.0,0.0,2009-09-17
2009-09-18,2009,0.0,0.0,0.0,0.0,0.0,2009-09-18
2009-09-19,2009,0.0,0.0,0.0,0.0,0.0,2009-09-19
2009-09-20,2009,0.0,0.0,0.0,0.0,0.0,2009-09-20
2009-09-21,2009,0.0,0.0,0.0,0.0,0.0,2009-09-21
2009-09-22,2009,0.0,0.0,0.0,0.0,0.0,2009-09-22
2009-09-23,2009,0.0,0.0,0.0,0.0,0.0,2009-09-23
2009-09-24,2009,0.0,0.0,0.0,0.0,0.0,2009-09-24
2009-09-25,2009,0.0,0.0,0.0,0.0,0.0,2009-09-25
2009-09-26,2009,0.0,0.0,0.0,0.0,0.0,2009-09-26
2009-09-27,2009,0.0,0.0,0.0,0.0,0.0,2009-09-27
2009-09-28,2009,0.0,0.0,0.0,0.0,0.0,2009-09-28
2009-09-29,2009,0.0,0.0,0.0,0.0,0.0,2009-09-29
2009-09-30,2009,0.0,0.0,0.0,0.0,0.0,2009-09-30
2009-10-01,2009,0.0,0.0,0.0,0.0,0.0,2009-10-01
2009-10-02,2009,0.0,0.0,0.0,0.0,0.0,2009-10-02
2009-10-03,2009,0.0,0.0,0.0,0.0,0.0,2009-10-03
2009-10-04,2009,0.0,0.0,0.0,0.0,0.0,2009-10-04
2009-10-05,2009,0.0,0.0,0.0,0.0,0.0,2009-10-05
2009-10-06,2009,0.0,0.0,0.0,0.0,0.0,2009-10-06
2009-10-07,2009,0.0,0.0,0.0,0.0,0.0,2009-10-07
2009-10-08,2009,0.0,0.0,0.0,0.0,0.0,2009-10-08
2009-10-09,2009,0.0,0.0,0.0,0.0,0.0,2009-10-09
2009-10-10,2009,0.0,0.0,0.0,0.0,0.0,2009-10-10
2009-10-11,2009,0.0,0.0,0.0,0.0,0.0,2009-10-11
2009-10-12,2009,0.0,0.0,0.0,0.0,0.0,2009-10-12
2009-10-13,2009,0.0,0.0,0.0,0.0,0.0,2009-10-13
2009-10-14,2009,0.0,0.0,0.0,0.0,0.0,2009-10-14
2009-10-15,2009,0.0,0.0,0.0,0.0,0.0,2009-10-15
2009-10-16,2009,0.0,0.0,0.0,0.0,0.0,2009-10-16
2009-10-17,2009,0.0,0.0,0.0,0.0,0.0,2009-10-17
2009-10-18,2009,0.0,0.0,0.0,0.0,0.0,2009-10-18
2009-10-19,2009,0.0,0.0,0.0,0.0,0.0,2009-10-19
2009-10-20,2009,0.0,0.0,0.0,0.0,0.0,2009-10-20
2009-10-21,2009,0.0,0.0,0.0,0.0,0.0,2009-10-21
2009-10-22,2009,0.0,0.0,0.0,0.0,0.0,2009-10-22
2009-10-23,2009,0.0,0.0,0.0,0.0,0.0,2009-10-23
2009-10-24,2009,0.0,0.0,0.0,0.0,0.0,2009-10-24
2009-10-25,2009,0.0,0.0,0.0,0.0,0.0,2009-10-25
2009-10-26,2009,0.0,0.0,0.0,0.0,0.0,2009-10-26
2009-10-27,2009,0.0,0.0,0.0,0.0,0.0,2009-10-27
2009-10-28,2009,0.0,0.0,0.0,0.0,0.0,2009-10-28
2009-10-29,2009,0.0,0.0,0.0,0.0,0.0,2009-10-29
2009-10-30,2009,0.0,0.0,0.0,0.0,0.0,2009-10-30
2009-10-31,2009,0.0,0.0,0.0,0.0,0.0,2009-10-31
2009-11-01,2009,0.0,0.0,0.0,0.0,0.0,2009-11-01
2009-11-02,2009,0.0,0.0,0.0,0.0,0.0,2009-11-02
2009-11-03,2009,0.0,0.0,0.0,0.0,0.0,2009-11-03
2009-11-04,2009,0.0,0.0,0.0,0.0,0.0,2009-11-04
2009-11-05,2009,0.0,0.0,0.0,0.0,0.0,2009-11-05
2009-11-06,2009,0.0,0.0,0.0,0.0,0.0,2009-11-06
2009-11-07,2009,0.0,0.0,0.0,0.0,0.0,2009-11-07
2009-11-08,2009,0.0,0.0,0.0,0.0,0.0,2009-11-08
2009-11-09,2009,0.0,0.0,0.0,0.0,0.0,2009-11-09
2009-11-10,2009,0.0,0.0,0.0,0.0,0.0,2009-11-10
2009-11-11,2009,0.0,0.0,0.0,0.0,0.0,2009-11-11
2009-11-12,2009,0.0,0.0,0.0,0.0,0.0,2009-11-12
2009-11-13,2009,0.0,0.0,0.0,0.0,0.0,2009-11-13
2009-11-14,2009,0.0,0.0,0.0,0.0,0.0,2009-11-14
2009-11-15,2009,0.0,0.0,0.0,0.0,0.0,2009-11-15
2009-11-16,2009,0.0,0.0,0.0,0.0,0.0,2009-11-16
2009-11-17,2009,0.0,0.0,0.0,0.0,0.0,2009-11-17
2009-11-18,2009,0.0,0.0,0.0,0.0,0.0,2009-11-18
2009-11-19,2009,0.0,0.0,0.0,0.0,0.0,2009-11-19
2009-11-20,2009,0.0,0.0,0.0,0.0,0.0,2009-11-20
2009-11-21,2009,0.0,0.0,0.0,0.0,0.0,2009-11-21
2009-11-22,2009,0.0,0.0,0.0,0.0,0.0,2009-11-22
2009-11-23,2009,0.0,0.0,0.0,0.0,0.0,2009-11-23
2009-11-24,2009,0.0,0.0,0.0,0.0,0.0,2009-11-24
2009-11-25,2009,0.0,0.0,0.0,0.0,0.0,2009-11-25
2009-11-26,2009,0.0,0.0,0.0,0.0,0.0,2009-11-26
2009-11-27,2009,0.0,0.0,0.0,0.0,0.0,2009-11-27
2009-11-28,2009,0.0,0.0,0.0,0.0,0.0,2009-11-28
2009-11-29,2009,0.0,0.0,0.0,0.0,0.0,2009-11-29
2009-11-30,2009,0.0,0.0,0.0,0.0,0.0,2009-11-30
2009-12-01,2009,0.0,0.0,0.0,0.0,0.0,2009-12-01
2009-12-02,2009,0.0,0.0,0.0,0.0,0.0,2009-12-02
2009-12-03,2009,0.0,0.0,0.0,0.0,0.0,2009-12-03
2009-12-04,2009,0.0,0.0,0.0,0.0,0.0,2009-12-04
2009-12-05,2009,0.0,0.0,0.0,0.0,0.0,2009-12-05
2009-12-06,2009,0.0,0.0,0.0,0.0,0.0,2009-12-06
2009-12-07,2009,0.0,0.0,0.0,0.0,0.0,2009-12-07
2009-12-08,2009,0.0,0.0,0.0,0.0,0.0,2009-12-08
2009-12-09,2009,0.0,0.0,0.0,0.0,0.0,2009-12-09
2009-12-10,2009,0.0,0.0,0.0,0.0,0.0,2009-12-10
2009-12-11,2009,0.0,0.0,0.0,0.0,0.0,2009-12-11
2009-12-12,2009,0.0,0.0,0.0,0.0,0.0,2009-12-12
2009-12-13,2009,0.0,0.0,0.0,0.0,0.0,2009-12-13
2009-12-14,2009,0.0,0.0,0.0,0.0,0.0,2009-12-14
2009-12-15,2009,0.0,0.0,0.0,0.0,0.0,2009-12-15
2009-12-16,2009,0.0,0.0,0.0,0.0,0.0,2009-12-16
2009-12-17,2009,0.0,0.0,0.0,0.0,0.0,2009-12-17
2009-12-18,2009,0.0,0.0,0.0,0.0,0.0,2009-12-18
2009-12-19,2009,0.0,0.0,0.0,0.0,0.0,2009-12-19
2009-12-20,2009,0.0,0.0,0.0,0.0,0.0,2009-12-20
2009-12-21,2009,0.0,0.0,0.0,0.0,0.0,2009-12-21
2009-12-22,2009,0.0,0.0,0.0,0.0,0.0,2009-12-22
2009-12-23,2009,0.0,0.0,0.0,0.0,0.0,2009-12-23
2009-12-24,2009,0.0,0.0,0.0,0.0,0.0,2009-12-24
2009-12-25,2009,0.0,0.0,0.0,0.0,0.0,2009-12-25
2009-12-26,2009,0.0,0.0,0.0,0.0,0.0,2009-12-26
2009-12-27,2009,0.0,0.0,0.0,0.0,0.0,2009-12-27
2009-12-28,2009,0.0,0.0,0.0,0.0,0.0,2009-12-28
2009-12-29,2009,0.0,0.0,0.0,0.0,0.0,2009-12-29
2009-12-30,2009,0.0,0.0,0.0,0.0,0.0,2009-12-30
2009-12-31,2009,0.0,0.0,0.0,0.0,0.0,2009-12-31
2010-01-01,2010,0.0,0.0,0.0,0.0,0.0,2010-01-01
2010-01-02,2010,0.0,0.0,0.0,0.0,0.0,2010-01-02
2010-01-03,2010,0.0,0.0,0.0,0.0,0.0,2010-01-03
2010-01-04,2010,0.0,0.0,0.0,0.0,0.0,2010-01-04
2010-01-05,2010,0.0,0.0,0.0,0.0,0.0,2010-01-05
2010-01-06,2010,0.0,0.0,0.0,0.0,0.0,2010-01-06
2010-01-07,2010,0.0,0.0,0.0,0.0,0.0,2010-01-07
2010-01-08,2010,0.0,0.0,0.0,0.0,0.0,2010-01-08
2010-01-09,2010,0.0,0.0,0.0,0.0,0.0,2010-01-09
2010-01-10,2010,0.0,0.0,0.0,0.0,0.0,2010-01-10
2010-01-11,2010,0.0,0.0,0.0,0.0,0.0,2010-01-11
2010-01-12,2010,0.0,0.0,0.0,0.0,0.0,2010-01-12
2010-01-13,2010,0.0,0.0,0.0,0.0,0.0,2010-01-13
2010-01-14,2010,0.0,0.0,0.0,0.0,0.0,2010-01-14
2010-01-15,2010,0.0,0.0,0.0,0.0,0.0,2010-01-15
2010-01-16,2010,0.0,0.0,0.0,0.0,0.0,2010-01-16
2010-01-17,2010,0.0,0.0,0.0,0.0,0.0,2010-01-17
2010-01-18,2010,0.0,0.0,0.0,0.0,0.0,2010-01-18
2010-01-19,2010,0.0,0.0,0.0,0.0,0.0,2010-01-19
2010-01-20,2010,0.0,0.0,0.0,0.0,0.0,2010-01-20
2010-01-21,2010,0.0,0.0,0.0,0.0,0.0,2010-01-21
2010-01-22,2010,0.0,0.0,0.0,0.0,0.0,2010-01-22
2010-01-23,2010,0.0,0.0,0.0,0.0,0.0,2010-01-23
2010-01-24,2010,0.0,0.0,0.0,0.0,0.0,2010-01-24
2010-01-25,2010,0.0,0.0,0.0,0.0,0.0,2010-01-25
2010-01-26,2010,0.0,0.0,0.0,0.0,0.0,2010-01-26
2010-01-27,2010,0.0,0.0,0.0,0.0,0.0,2010-01-27
2010-01-28,2010,0.0,0.0,0.0,0.0,0.0,2010-01-28
2010-01-29,2010,0.0,0.0,0.0,0.0,0.0,2010-01-29
2010-01-30,2010,0.0,0.0,0.0,0.0,0.0,2010-01-30
2010-01-31,2010,0.0,0.0,0.0,0.0,0.0,2010-01-31
2010-02-01,2010,0.0,0.0,0.0,0.0,0.0,2010-02-01
2010-02-02,2010,0.0,0.0,0.0,0.0,0.0,2010-02-02
2010-02-03,2010,0.0,0.0,0.0,0.0,0.0,2010-02-03
2010-02-04,2010,0.0,0.0,0.0,0.0,0.0,2010-02-04
2010-02-05,2010,0.0,0.0,0.0,0.0,0.0,2010-02-05
2010-02-06,2010,0.0,0.0,0.0,0.0,0.0,2010-02-06
2010-02-07,2010,0.0,0.0,0.0,0.0,0.0,2010-02-07
2010-02-08,2010,0.0,0.0,0.0,0.0,0.0,2010-02-08
2010-02-09,2010,0.0,0.0,0.0,0.0,0.0,2010-02-09
2010-02-10,2010,0.0,0.0,0.0,0.0,0.0,2010-02-10
2010-02-11,2010,0.0,0.0,0.0,0.0,0.0,2010-02-11
2010-02-12,2010,0.0,0.0,0.0,0.0,0.0,2010-02-12
2010-02-13,2010,0.0,0.0,0.0,0.0,0.0,2010-02-13
2010-02-14,2010,0.0,0.0,0.0,0.0,0.0,2010-02-14
2010-02-15,2010,0.0,0.0,0.0,0.0,0.0,2010-02-15
2010-02-16,2010,0.0,0.0,0.0,0.0,0.0,2010-02-16
2010-02-17,2010,0.0,0.0,0.0,0.0,0.0,2010-02-17
2010-02-18,2010,0.0,0.0,0.0,0.0,0.0,2010-02-18
2010-02-19,2010,0.0,0.0,0.0,0.0,0.0,2010-02-19
2010-02-20,2010,0.0,0.0,0.0,0.0,0.0,2010-02-20
2010-02-21,2010,0.0,0.0,0.0,0.0,0.0,2010-02-21
2010-02-22,2010,0.0,0.0,0.0,0.0,0.0,2010-02-22
2010-02-23,2010,0.0,0.0,0.0,0.0,0.0,2010-02-23
2010-02-24,2010,0.0,0.0,0.0,0.0,0.0,2010-02-24
2010-02-25,2010,0.0,0.0,0.0,0.0,0.0,2010-02-25
2010-02-26,2010,0.0,0.0,0.0,0.0,0.0,2010-02-26
2010-02-27,2010,0.0,0.0,0.0,0.0,0.0,2010-02-27
2010-02-28,2010,0.0,0.0,0.0,0.0,0.0,2010-02-28
2010-03-01,2010,0.0,0.0,0.0,0.0,0.0,2010-03-01
2010-03-02,2010,0.0,0.0,0.0,0.0,0.0,2010-03-02
2010-03-03,2010,0.0,0.0,0.0,0.0,0.0,2010-03-03
2010-03-04,2010,0.0,0.0,0.0,0.0,0.0,2010-03-04
2010-03-05,2010,0.0,0.0,0.0,0.0,0.0,2010-03-05
2010-03-06,2010,0.0,0.0,0.0,0.0,0.0,2010-03-06
2010-03-07,2010,0.0,0.0,0.0,0.0,0.0,2010-03-07
2010-03-08,2010,0.0,0.0,0.0,0.0,0.0,2010-03-08
2010-03-09,2010,0.0,0.0,0.0,0.0,0.0,2010-03-09
2010-03-10,2010,0.0,0.0,0.0,0.0,0.0,2010-03-10
2010-03-11,2010,0.0,0.0,0.0,0.0,0.0,2010-03-11
2010-03-12,2010,0.0,0.0,0.0,0.0,0.0,2010-03-12
2010-03-13,2010,0.0,0.0,0.0,0.0,0.0,2010-03-13
2010-03-14,2010,0.0,0.0,0.0,0.0,0.0,2010-03-14
2010-03-15,2010,0.0,0.0,0.0,0.0,0.0,2010-03-15
2010-03-16,2010,0.0,0.0,0.0,0.0,0.0,2010-03-16
2010-03-17,2010,0.0,0.0,0.0,0.0,0.0,2010-03-17
2010-03-18,2010,0.0,0.0,0.0,0.0,0.0,2010-03-18
2010-03-19,2010,0.0,0.0,0.0,0.0,0.0,2010-03-19
2010-03-20,2010,0.0,0.0,0.0,0.0,0.0,2010-03-20
2010-03-21,2010,0.0,0.0,0.0,0.0,0.0,2010-03-21
2010-03-22,2010,0.0,0.0,0.0,0.0,0.0,2010-03-22
2010-03-23,2010,0.0,0.0,0.0,0.0,0.0,2010-03-23
2010-03-24,2010,0.0,0.0,0.0,0.0,0.0,2010-03-24
2010-03-25,2010,0.0,0.0,0.0,0.0,0.0,2010-03-25
2010-03-26,2010,0.0,0.0,0.0,0.0,0.0,2010-03-26
2010-03-27,2010,0.0,0.0,0.0,0.0,0.0,2010-03-27
2010-03-28,2010,0.0,0.0,0.0,0.0,0.0,2010-03-28
2010-03-29,2010,0.0,0.0,0.0,0.0,0.0,2010-03-29
2010-03-30,2010,0.0,0.0,0.0,0.0,0.0,2010-03-30
2010-03-31,2010,0.0,0.0,0.0,0.0,0.0,2010-03-31
2010-04-01,2010,0.0,0.0,0.0,0.0,0.0,2010-04-01
2010-04-02,2010,0.0,0.0,0.0,0.0,0.0,2010-04-02
2010-04-03,2010,0.0,0.0,0.0,0.0,0.0,2010-04-03
2010-04-04,2010,0.0,0.0,0.0,0.0,0.0,2010-04-04
2010-04-05,2010,0.0,0.0,0.0,0.0,0.0,2010-04-05
2010-04-06,2010,0.0,0.0,0.0,0.0,0.0,2010-04-06
2010-04-07,2010,0.0,0.0,0.0,0.0,0.0,2010-04-07
2010-04-08,2010,0.0,0.0,0.0,0.0,0.0,2010-04-08
2010-04-09,2010,0.0,0.0,0.0,0.0,0.0,2010-04-09
2010-04-10,2010,0.0,0.0,0.0,0.0,0.0,2010-04-10
2010-04-11,2010,0.0,0.0,0.0,0.0,0.0,2010-04-11
2010-04-12,2010,0.0,0.0,0.0,0.0,0.0,2010-04-12
2010-04-13,2010,0.0,0.0,0.0,0.0,0.0,2010-04-13
2010-04-14,2010,0.0,0.0,0.0,0.0,0.0,2010-04-14
2010-04-15,2010,0.0,0.0,0.0,0.0,0.0,2010-04-15
2010-04-16,2010,0.0,0.0,0.0,0.0,0.0,2010-04-16
2010-04-17,2010,0.0,0.0,0.0,0.0,0.0,2010-04-17
2010-04-18,2010,0.0,0.0,0.0,0.0,0.0,2010-04-18
2010-04-19,2010,0.0,0.0,0.0,0.0,0.0,2010-04-19
2010-04-20,2010,0.0,0.0,0.0,0.0,0.0,2010-04-20
2010-04-21,2010,0.0,0.0,0.0,0.0,0.0,2010-04-21
2010-04-22,2010,0.0,0.0,0.0,0.0,0.0,2010-04-22
2010-04-23,2010,0.0,0.0,0.0,0.0,0.0,2010-04-23
2010-04-24,2010,0.0,0.0,0.0,0.0,0.0,2010-04-24
2010-04-25,2010,0.0,0.0,0.0,0.0,0.0,2010-04-25
2010-04-26,2010,0.0,0.0,0.0,0.0,0.0,2010-04-26
2010-04-27,2010,0.0,0.0,0.0,0.0,0.0,2010-04-27
2010-04-28,2010,0.0,0.0,0.0,0.0,0.0,2010-04-28
2010-04-29,2010,0.0,0.0,0.0,0.0,0.0,2010-04-29
2010-04-30,2010,0.0,0.0,0.0,0.0,0.0,2010-04-30
2010-05-01,2010,0.0,0.0,0.0,0.0,0.0,2010-05-01
2010-05-02,2010,0.0,0.0,0.0,0.0,0.0,2010-05-02
2010-05-03,2010,0.0,0.0,0.0,0.0,0.0,2010-05-03
2010-05-04,2010,0.0,0.0,0.0,0.0,0.0,2010-05-04
2010-05-05,2010,0.0,0.0,0.0,0.0,0.0,2010-05-05
2010-05-06,2010,0.0,0.0,0.0,0.0,0.0,2010-05-06
2010-05-07,2010,0.0,0.0,0.0,0.0,0.0,2010-05-07
2010-05-08,2010,0.0,0.0,0.0,0.0,0.0,2010-05-08
2010-05-09,2010,0.0,0.0,0.0,0.0,0.0,2010-05-09
2010-05-10,2010,0.0,0.0,0.0,0.0,0.0,2010-05-10
2010-05-11,2010,0.0,0.0,0.0,0.0,0.0,2010-05-11
2010-05-12,2010,0.0,0.0,0.0,0.0,0.0,2010-05-12
2010-05-13,2010,0.0,0.0,0.0,0.0,0.0,2010-05-13
2010-05-14,2010,0.0,0.0,0.0,0.0,0.0,2010-05-14
2010-05-15,2010,0.0,0.0,0.0,0.0,0.0,2010-05-15
2010-05-16,2010,0.0,0.0,0.0,0.0,0.0,2010-05-16
2010-05-17,2010,0.0,0.0,0.0,0.0,0.0,2010-05-17
2010-05-18,2010,0.0,0.0,0.0,0.0,0.0,2010-05-18
2010-05-19,2010,0.0,0.0,0.0,0.0,0.0,2010-05-19
2010-05-20,2010,0.0,0.0,0.0,0.0,0.0,2010-05-20
2010-05-21,2010,0.0,0.0,0.0,0.0,0.0,2010-05-21
2010-05-22,2010,0.0,0.0,0.0,0.0,0.0,2010-05-22
2010-05-23,2010,0.0,0.0,0.0,0.0,0.0,2010-05-23
2010-05-24,2010,0.0,0.0,0.0,0.0,0.0,2010-05-24
2010-05-25,2010,0.0,0.0,0.0,0.0,0.0,2010-05-25
2010-05-26,2010,0.0,0.0,0.0,0.0,0.0,2010-05-26
2010-05-27,2010,0.0,0.0,0.0,0.0,0.0,2010-05-27
2010-05-28,2010,0.0,0.0,0.0,0.0,0.0,2010-05-28
2010-05-29,2010,0.0,0.0,0.0,0.0,0.0,2010-05-29
2010-05-30,2010,0.0,0.0,0.0,0.0,0.0,2010-05-30
2010-05-31,2010,0.0,0.0,0.0,0.0,0.0,2010-05-31
2010-06-01,2010,0.0,0.0,0.0,0.0,0.0,2010-06-01
2010-06-02,2010,0.0,0.0,0.0,0.0,0.0,2010-06-02
2010-06-03,2010,0.0,0.0,0.0,0.0,0.0,2010-06-03
2010-06-04,2010,0.0,0.0,0.0,0.0,0.0,2010-06-04
2010-06-05,2010,0.0,0.0,0.0,0.0,0.0,2010-06-05
2010-06-06,2010,0.0,0.0,0.0,0.0,0.0,2010-06-06
2010-06-07,2010,0.0,0.0,0.0,0.0,0.0,2010-06-07
2010-06-08,2010,0.0,0.0,0.0,0.0,0.0,2010-06-08
2010-06-09,2010,0.0,0.0,0.0,0.0,0.0,2010-06-09
2010-06-10,2010,0.0,0.0,0.0,0.0,0.0,2010-06-10
2010-06-11,2010,0.0,0.0,0.0,0.0,0.0,2010-06-11
2010-06-12,2010,0.0,0.0,0.0,0.0,0.0,2010-06-12
2010-06-13,2010,0.0,0.0,0.0,0.0,0.0,2010-06-13
2010-06-14,2010,0.0,0.0,0.0,0.0,0.0,2010-06-14
2010-06-15,2010,0.0,0.0,0.0,0.0,0.0,2010-06-15
2010-06-16,2010,0.0,0.0,0.0,0.0,0.0,2010-06-16
2010-06-17,2010,0.0,0.0,0.0,0.0,0.0,2010-06-17
2010-06-18,2010,0.0,0.0,0.0,0.0,0.0,2010-06-18
2010-06-19,2010,0.0,0.0,0.0,0.0,0.0,2010-06-19
2010-06-20,2010,0.0,0.0,0.0,0.0,0.0,2010-06-20
2010-06-21,2010,0.0,0.0,0.0,0.0,0.0,2010-06-21
2010-06-22,2010,0.0,0.0,0.0,0.0,0.0,2010-06-22
2010-06-23,2010,0.0,0.0,0.0,0.0,0.0,2010-06-23
2010-06-24,2010,0.0,0.0,0.0,0.0,0.0,2010-06-24
2010-06-25,2010,0.0,0.0,0.0,0.0,0.0,2010-06-25
2010-06-26,2010,0.0,0.0,0.0,0.0,0.0,2010-06-26
2010-06-27,2010,0.0,0.0,0.0,0.0,0.0,2010-06-27
2010-06-28,2010,0.0,0.0,0.0,0.0,0.0,2010-06-28
2010-06-29,2010,0.0,0.0,0.0,0.0,0.0,2010-06-29
2010-06-30,2010,0.0,0.0,0.0,0.0,0.0,2010-06-30
2010-07-01,2010,0.0,0.0,0.0,0.0,0.0,2010-07-01
2010-07-02,2010,0.0,0.0,0.0,0.0,0.0,2010-07-02
2010-07-03,2010,0.0,0.0,0.0,0.0,0.0,2010-07-03
2010-07-04,2010,0.0,0.0,0.0,0.0,0.0,2010-07-04
2010-07-05,2010,0.0,0.0,0.0,0.0,0.0,2010-07-05
2010-07-06,2010,0.0,0.0,0.0,0.0,0.0,2010-07-06
2010-07-07,2010,0.0,0.0,0.0,0.0,0.0,2010-07-07
2010-07-08,2010,0.0,0.0,0.0,0.0,0.0,2010-07-08
2010-07-09,2010,0.0,0.0,0.0,0.0,0.0,2010-07-09
2010-07-10,2010,0.0,0.0,0.0,0.0,0.0,2010-07-10
2010-07-11,2010,0.0,0.0,0.0,0.0,0.0,2010-07-11
2010-07-12,2010,0.0,0.0,0.0,0.0,0.0,2010-07-12
2010-07-13,2010,0.0,0.0,0.0,0.0,0.0,2010-07-13
2010-07-14,2010,0.0,0.0,0.0,0.0,0.0,2010-07-14
2010-07-15,2010,0.0,0.0,0.0,0.0,0.0,2010-07-15
2010-07-16,2010,0.0,0.0,0.0,0.0,0.0,2010-07-16
2010-07-17,2010,0.0,0.0,0.0,0.0,0.0,2010-07-17
2010-07-18,2010,0.0,0.0,0.0,0.0,0.0,2010-07-18
2010-07-19,2010,0.0,0.0,0.0,0.0,0.0,2010-07-19
2010-07-20,2010,0.0,0.0,0.0,0.0,0.0,2010-07-20
2010-07-21,2010,0.0,0.0,0.0,0.0,0.0,2010-07-21
2010-07-22,2010,0.0,0.0,0.0,0.0,0.0,2010-07-22
2010-07-23,2010,0.0,0.0,0.0,0.0,0.0,2010-07-23
2010-07-24,2010,0.0,0.0,0.0,0.0,0.0,2010-07-24
2010-07-25,2010,0.0,0.0,0.0,0.0,0.0,2010-07-25
2010-07-26,2010,0.0,0.0,0.0,0.0,0.0,2010-07-26
2010-07-27,2010,0.0,0.0,0.0,0.0,0.0,2010-07-27
2010-07-28,2010,0.0,0.0,0.0,0.0,0.0,2010-07-28
2010-07-29,2010,0.0,0.0,0.0,0.0,0.0,2010-07-29
2010-07-30,2010,0.0,0.0,0.0,0.0,0.0,2010-07-30
2010-07-31,2010,0.0,0.0,0.0,0.0,0.0,2010-07-31
2010-08-01,2010,0.0,0.0,0.0,0.0,0.0,2010-08-01
2010-08-02,2010,0.0,0.0,0.0,0.0,0.0,2010-08-02
2010-08-03,2010,0.0,0.0,0.0,0.0,0.0,2010-08-03
2010-08-04,2010,0.0,0.0,0.0,0.0,0.0,2010-08-04
2010-08-05,2010,0.0,0.0,0.0,0.0,0.0,2010-08-05
2010-08-06,2010,0.0,0.0,0.0,0.0,0.0,2010-08-06
2010-08-07,2010,0.0,0.0,0.0,0.0,0.0,2010-08-07
2010-08-08,2010,0.0,0.0,0.0,0.0,0.0,2010-08-08
2010-08-09,2010,0.0,0.0,0.0,0.0,0.0,2010-08-09
2010-08-10,2010,0.0,0.0,0.0,0.0,0.0,2010-08-10
2010-08-11,2010,0.0,0.0,0.0,0.0,0.0,2010-08-11
2010-08-12,2010,0.0,0.0,0.0,0.0,0.0,2010-08-12
2010-08-13,2010,0.0,0.0,0.0,0.0,0.0,2010-08-13
2010-08-14,2010,0.0,0.0,0.0,0.0,0.0,2010-08-14
2010-08-15,2010,0.0,0.0,0.0,0.0,0.0,2010-08-15
2010-08-16,2010,0.0,0.0,0.0,0.0,0.0,2010-08-16
2010-08-17,2010,0.0,0.0,0.0,0.0,0.0,2010-08-17
2010-08-18,2010,0.0,0.0,0.0,0.0,0.0,2010-08-18
2010-08-19,2010,0.0,0.0,0.0,0.0,0.0,2010-08-19
2010-08-20,2010,0.0,0.0,0.0,0.0,0.0,2010-08-20
2010-08-21,2010,0.0,0.0,0.0,0.0,0.0,2010-08-21
2010-08-22,2010,0.0,0.0,0.0,0.0,0.0,2010-08-22
2010-08-23,2010,0.0,0.0,0.0,0.0,0.0,2010-08-23
2010-08-24,2010,0.0,0.0,0.0,0.0,0.0,2010-08-24
2010-08-25,2010,0.0,0.0,0.0,0.0,0.0,2010-08-25
2010-08-26,2010,0.0,0.0,0.0,0.0,0.0,2010-08-26
2010-08-27,2010,0.0,0.0,0.0,0.0,0.0,2010-08-27
2010-08-28,2010,0.0,0.0,0.0,0.0,0.0,2010-08-28
2010-08-29,2010,0.0,0.0,0.0,0.0,0.0,2010-08-29
2010-08-30,2010,0.0,0.0,0.0,0.0,0.0,2010-08-30
2010-08-31,2010,0.0,0.0,0.0,0.0,0.0,2010-08-31
2010-09-01,2010,0.0,0.0,0.0,0.0,0.0,2010-09-01
2010-09-02,2010,0.0,0.0,0.0,0.0,0.0,2010-09-02
2010-09-03,2010,0.0,0.0,0.0,0.0,0.0,2010-09-03
2010-09-04,2010,0.0,0.0,0.0,0.0,0.0,2010-09-04
2010-09-05,2010,0.0,0.0,0.0,0.0,0.0,2010-09-05
2010-09-06,2010,0.0,0.0,0.0,0.0,0.0,2010-09-06
2010-09-07,2010,0.0,0.0,0.0,0.0,0.0,2010-09-07
2010-09-08,2010,0.0,0.0,0.0,0.0,0.0,2010-09-08
2010-09-09,2010,0.0,0.0,0.0,0.0,0.0,2010-09-09
2010-09-10,2010,0.0,0.0,0.0,0.0,0.0,2010-09-10
2010-09-11,2010,0.0,0.0,0.0,0.0,0.0,2010-09-11
2010-09-12,2010,0.0,0.0,0.0,0.0,0.0,2010-09-12
2010-09-13,2010,0.0,0.0,0.0,0.0,0.0,2010-09-13
2010-09-14,2010,0.0,0.0,0.0,0.0,0.0,2010-09-14
2010-09-15,2010,0.0,0.0,0.0,0.0,0.0,2010-09-15
2010-09-16,2010,0.0,0.0,0.0,0.0,0.0,2010-09-16
2010-09-17,2010,0.0,0.0,0.0,0.0,0.0,2010-09-17
2010-09-18,2010,0.0,0.0,0.0,0.0,0.0,2010-09-18
2010-09-19,2010,0.0,0.0,0.0,0.0,0.0,2010-09-19
2010-09-20,2010,0.0,0.0,0.0,0.0,0.0,2010-09-20
2010-09-21,2010,0.0,0.0,0.0,0.0,0.0,2010-09-21
2010-09-22,2010,0.0,0.0,0.0,0.0,0.0,2010-09-22
2010-09-23,2010,0.0,0.0,0.0,0.0,0.0,2010-09-23
2010-09-24,2010,0.0,0.0,0.0,0.0,0.0,2010-09-24
2010-09-25,2010,0.0,0.0,0.0,0.0,0.0,2010-09-25
2010-09-26,2010,0.0,0.0,0.0,0.0,0.0,2010-09-26
2010-09-27,2010,0.0,0.0,0.0,0.0,0.0,2010-09-27
2010-09-28,2010,0.0,0.0,0.0,0.0,0.0,2010-09-28
2010-09-29,2010,0.0,0.0,0.0,0.0,0.0,2010-09-29
2010-09-30,2010,0.0,0.0,0.0,0.0,0.0,2010-09-30
2010-10-01,2010,0.0,0.0,0.0,0.0,0.0,2010-10-01
2010-10-02,2010,0.0,0.0,0.0,0.0,0.0,2010-10-02
2010-10-03,2010,0.0,0.0,0.0,0.0,0.0,2010-10-03
2010-10-04,2010,0.0,0.0,0.0,0.0,0.0,2010-10-04
2010-10-05,2010,0.0,0.0,0.0,0.0,0.0,2010-10-05
2010-10-06,2010,0.0,0.0,0.0,0.0,0.0,2010-10-06
2010-10-07,2010,0.0,0.0,0.0,0.0,0.0,2010-10-07
2010-10-08,2010,0.0,0.0,0.0,0.0,0.0,2010-10-08
2010-10-09,2010,0.0,0.0,0.0,0.0,0.0,2010-10-09
2010-10-10,2010,0.0,0.0,0.0,0.0,0.0,2010-10-10
2010-10-11,2010,0.0,0.0,0.0,0.0,0.0,2010-10-11
2010-10-12,2010,0.0,0.0,0.0,0.0,0.0,2010-10-12
2010-10-13,2010,0.0,0.0,0.0,0.0,0.0,2010-10-13
2010-10-14,2010,0.0,0.0,0.0,0.0,0.0,2010-10-14
2010-10-15,2010,0.0,0.0,0.0,0.0,0.0,2010-10-15
2010-10-16,2010,0.0,0.0,0.0,0.0,0.0,2010-10-16
2010-10-17,2010,0.0,0.0,0.0,0.0,0.0,2010-10-17
2010-10-18,2010,0.0,0.0,0.0,0.0,0.0,2010-10-18
2010-10-19,2010,0.0,0.0,0.0,0.0,0.0,2010-10-19
2010-10-20,2010,0.0,0.0,0.0,0.0,0.0,2010-10-20
2010-10-21,2010,0.0,0.0,0.0,0.0,0.0,2010-10-21
2010-10-22,2010,0.0,0.0,0.0,0.0,0.0,2010-10-22
2010-10-23,2010,0.0,0.0,0.0,0.0,0.0,2010-10-23
2010-10-24,2010,0.0,0.0,0.0,0.0,0.0,2010-10-24
2010-10-25,2010,0.0,0.0,0.0,0.0,0.0,2010-10-25
2010-10-26,2010,0.0,0.0,0.0,0.0,0.0,2010-10-26
2010-10-27,2010,0.0,0.0,0.0,0.0,0.0,2010-10-27
2010-10-28,2010,0.0,0.0,0.0,0.0,0.0,2010-10-28
2010-10-29,2010,0.0,0.0,0.0,0.0,0.0,2010-10-29
2010-10-30,2010,0.0,0.0,0.0,0.0,0.0,2010-10-30
2010-10-31,2010,0.0,0.0,0.0,0.0,0.0,2010-10-31
2010-11-01,2010,0.0,0.0,0.0,0.0,0.0,2010-11-01
2010-11-02,2010,0.0,0.0,0.0,0.0,0.0,2010-11-02
2010-11-03,2010,0.0,0.0,0.0,0.0,0.0,2010-11-03
2010-11-04,2010,0.0,0.0,0.0,0.0,0.0,2010-11-04
2010-11-05,2010,0.0,0.0,0.0,0.0,0.0,2010-11-05
2010-11-06,2010,0.0,0.0,0.0,0.0,0.0,2010-11-06
2010-11-07,2010,0.0,0.0,0.0,0.0,0.0,2010-11-07
2010-11-08,2010,0.0,0.0,0.0,0.0,0.0,2010-11-08
2010-11-09,2010,0.0,0.0,0.0,0.0,0.0,2010-11-09
2010-11-10,2010,0.0,0.0,0.0,0.0,0.0,2010-11-10
2010-11-11,2010,0.0,0.0,0.0,0.0,0.0,2010-11-11
2010-11-12,2010,0.0,0.0,0.0,0.0,0.0,2010-11-12
2010-11-13,2010,0.0,0.0,0.0,0.0,0.0,2010-11-13
2010-11-14,2010,0.0,0.0,0.0,0.0,0.0,2010-11-14
2010-11-15,2010,0.0,0.0,0.0,0.0,0.0,2010-11-15
2010-11-16,2010,0.0,0.0,0.0,0.0,0.0,2010-11-16
2010-11-17,2010,0.0,0.0,0.0,0.0,0.0,2010-11-17
2010-11-18,2010,0.0,0.0,0.0,0.0,0.0,2010-11-18
2010-11-19,2010,0.0,0.0,0.0,0.0,0.0,2010-11-19
2010-11-20,2010,0.0,0.0,0.0,0.0,0.0,2010-11-20
2010-11-21,2010,0.0,0.0,0.0,0.0,0.0,2010-11-21
2010-11-22,2010,0.0,0.0,0.0,0.0,0.0,2010-11-22
2010-11-23,2010,0.0,0.0,0.0,0.0,0.0,2010-11-23
2010-11-24,2010,0.0,0.0,0.0,0.0,0.0,2010-11-24
2010-11-25,2010,0.0,0.0,0.0,0.0,0.0,2010-11-25
2010-11-26,2010,0.0,0.0,0.0,0.0,0.0,2010-11-26
2010-11-27,2010,0.0,0.0,0.0,0.0,0.0,2010-11-27
2010-11-28,2010,0.0,0.0,0.0,0.0,0.0,2010-11-28
2010-11-29,2010,0.0,0.0,0.0,0.0,0.0,2010-11-29
2010-11-30,2010,0.0,0.0,0.0,0.0,0.0,2010-11-30
2010-12-01,2010,0.0,0.0,0.0,0.0,0.0,2010-12-01
2010-12-02,2010,0.0,0.0,0.0,0.0,0.0,2010-12-02
2010-12-03,2010,0.0,0.0,0.0,0.0,0.0,2010-12-03
2010-12-04,2010,0.0,0.0,0.0,0.0,0.0,2010-12-04
2010-12-05,2010,0.0,0.0,0.0,0.0,0.0,2010-12-05
2010-12-06,2010,0.0,0.0,0.0,0.0,0.0,2010-12-06
2010-12-07,2010,0.0,0.0,0.0,0.0,0.0,2010-12-07
2010-12-08,2010,0.0,0.0,0.0,0.0,0.0,2010-12-08
2010-12-09,2010,0.0,0.0,0.0,0.0,0.0,2010-12-09
2010-12-10,2010,0.0,0.0,0.0,0.0,0.0,2010-12-10
2010-12-11,2010,0.0,0.0,0.0,0.0,0.0,2010-12-11
2010-12-12,2010,0.0,0.0,0.0,0.0,0.0,2010-12-12
2010-12-13,2010,0.0,0.0,0.0,0.0,0.0,2010-12-13
2010-12-14,2010,0.0,0.0,0.0,0.0,0.0,2010-12-14
2010-12-15,2010,0.0,0.0,0.0,0.0,0.0,2010-12-15
2010-12-16,2010,0.0,0.0,0.0,0.0,0.0,2010-12-16
2010-12-17,2010,0.0,0.0,0.0,0.0,0.0,2010-12-17
2010-12-18,2010,0.0,0.0,0.0,0.0,0.0,2010-12-18
2010-12-19,2010,0.0,0.0,0.0,0.0,0.0,2010-12-19
2010-12-20,2010,0.0,0.0,0.0,0.0,0.0,2010-12-20
2010-12-21,2010,0.0,0.0,0.0,0.0,0.0,2010-12-21
2010-12-22,2010,0.0,0.0,0.0,0.0,0.0,2010-12-22
2010-12-23,2010,0.0,0.0,0.0,0.0,0.0,2010-12-23
2010-12-24,2010,0.0,0.0,0.0,0.0,0.0,2010-12-24
2010-12-25,2010,0.0,0.0,0.0,0.0,0.0,2010-12-25
2010-12-26,2010,0.0,0.0,0.0,0.0,0.0,2010-12-26
2010-12-27,2010,0.0,0.0,0.0,0.0,0.0,2010-12-27
2010-12-28,2010,0.0,0.0,0.0,0.0,0.0,2010-12-28
2010-12-29,2010,0.0,0.0,0.0,0.0,0.0,2010-12-29
2010-12-30,2010,0.0,0.0,0.0,0.0,0.0,2010-12-30
2010-12-31,2010,0.0,0.0,0.0,0.0,0.0,2010-12-31
2011-01-01,2011,0.07921323247964732,0.05514985859468088,0.5418293510922128,0.17811970316674497,0.21357803633332148,2011-01-01
2011-01-02,2011,0.09838859353640636,0.06672121265004506,0.03560328363455678,0.17746932790780498,0.0945456044322033,2011-01-02
2011-01-03,2011,0.11653540842580777,0.07785232110778792,0.7226621277892588,0.18652698865370096,0.27589421149413884,2011-01-03
2011-01-04,2011,0.09167445980231648,0.06246230928047284,0.5838807528895087,0.14954317873709735,0.22189017517734883,2011-01-04
2011-01-05,2011,0.07490568496306053,0.05148246958215775,0.47040736010640116,0.10898504800294816,0.17644514066364192,2011-01-05
2011-01-06,2011,0.12285948452709256,0.07083091806512895,1.2826449502830136e-12,0.22391723062597757,0.10440190830487042,2011-01-06
2011-01-07,2011,0.12562851472535094,0.0676280613691884,5.852699046626714e-13,0.3162003364428688,0.12736422813449835,2011-01-07
2011-01-08,2011,0.1923373195682776,0.08872596379937965,1.6773505724754279e-12,0.41970048287783884,0.17519094156179335,2011-01-08
2011-01-09,2011,0.14205417648049806,0.092020989235034,7.807194494723836e-12,0.28604193997585786,0.13002927642479928,2011-01-09
2011-01-10,2011,0.16278210680715713,0.0819725731341632,1.6248401382687267e-12,0.4339005344728911,0.16966380360395908,2011-01-10
2011-01-11,2011,0.6465784165329322,0.4658847422836171,1.5879116446995173e-11,0.7625554172187162,0.4687546440127861,2011-01-11
2011-01-12,2011,0.44054544100770676,0.334334232585278,1.3462851085704929e-11,0.7081044576460318,0.3707460328131199,2011-01-12
2011-01-13,2011,0.0,0.0,0.0,0.0,0.0,2011-01-13
2011-01-14,2011,0.0,0.0,0.0,0.0,0.0,2011-01-14
2011-01-15,2011,0.0,0.0,0.0,0.0,0.0,2011-01-15
2011-01-16,2011,0.0,0.0,0.0,0.0,0.0,2011-01-16
2011-01-17,2011,0.0,0.0,0.0,0.0,0.0,2011-01-17
2011-01-18,2011,0.0,0.0,0.0,0.0,0.0,2011-01-18
2011-01-19,2011,0.0,0.0,0.0,0.0,0.0,2011-01-19
2011-01-20,2011,0.0,0.0,0.0,0.0,0.0,2011-01-20
2011-01-21,2011,0.0,0.0,0.0,0.0,0.0,2011-01-21
2011-01-22,2011,0.0,0.0,0.0,0.0,0.0,2011-01-22
2011-01-23,2011,0.0,0.0,0.0,0.0,0.0,2011-01-23
2011-01-24,2011,0.0,0.0,0.0,0.0,0.0,2011-01-24
2011-01-25,2011,0.0,0.0,0.0,0.0,0.0,2011-01-25
2011-01-26,2011,0.0,0.0,0.0,0.0,0.0,2011-01-26
2011-01-27,2011,0.0,0.0,0.0,0.0,0.0,2011-01-27
2011-01-28,2011,0.0,0.0,0.0,0.0,0.0,2011-01-28
2011-01-29,2011,0.0,0.0,0.0,0.0,0.0,2011-01-29
2011-01-30,2011,0.0,0.0,0.0,0.0,0.0,2011-01-30
2011-01-31,2011,0.0,0.0,0.0,0.0,0.0,2011-01-31
2011-02-01,2011,0.2855972441423774,0.24402648890681666,8.511914237953822e-12,0.6447285007698969,0.2935880584569007,2011-02-01
2011-02-02,2011,0.07357721651766383,0.051309822369864436,0.4565567543884933,0.10543244786119241,0.1717190602843035,2011-02-02
2011-02-03,2011,0.3200611958422859,0.24421341860489876,1.4952895980011968e-11,0.5308181397223563,0.2737731885461234,2011-02-03
2011-02-04,2011,0.2384067449100651,0.18778824160459462,1.528923736423117e-11,0.40257239728456473,0.2071918459536284,2011-02-04
2011-02-05,2011,0.08565064377891553,0.05834405098873188,0.496806711555419,0.14431965776605515,0.1962802660222804,2011-02-05
2011-02-06,2011,0.08334746249542195,0.05802650911891789,0.4395176929174984,0.16291610331055575,0.1859519419605985,2011-02-06
2011-02-07,2011,0.12188883540015984,0.07183898898023983,4.879172815709963e-13,0.24407010246175417,0.10944948171066043,2011-02-07
2011-02-08,2011,0.18302808345001748,0.08357978645570531,9.672958184311878e-13,0.4234247084520749,0.17250814458969124,2011-02-08
2011-02-09,2011,0.41492949046759386,0.24845498079213493,2.1536139574032492e-11,0.36221359187718266,0.2563995157896119,2011-02-09
2011-02-10,2011,0.18253750025161025,0.08768573987216507,2.027128546557729e-12,0.4633358741296402,0.18338977856386068,2011-02-10
2011-02-11,2011,0.38285302506700697,0.5809670254598682,1.0743594149999611e-11,0.8988289053309932,0.46566223896715303,2011-02-11
2011-02-12,2011,0.18012179220371438,0.11842846516157715,0.782170028216851,0.34027732765076263,0.3552494033082263,2011-02-12
2011-02-13,2011,0.0,0.0,0.0,0.0,0.0,2011-02-13
2011-02-14,2011,0.0,0.0,0.0,0.0,0.0,2011-02-14
2011-02-15,2011,0.0,0.0,0.0,0.0,0.0,2011-02-15
2011-02-16,2011,0.0,0.0,0.0,0.0,0.0,2011-02-16
2011-02-17,2011,0.0,0.0,0.0,0.0,0.0,2011-02-17
2011-02-18,2011,0.0,0.0,0.0,0.0,0.0,2011-02-18
2011-02-19,2011,0.0,0.0,0.0,0.0,0.0,2011-02-19
2011-02-20,2011,0.0,0.0,0.0,0.0,0.0,2011-02-20
2011-02-21,2011,0.0,0.0,0.0,0.0,0.0,2011-02-21
2011-02-22,2011,0.0,0.0,0.0,0.0,0.0,2011-02-22
2011-02-23,2011,0.0,0.0,0.0,0.0,0.0,2011-02-23
2011-02-24,2011,0.0,0.0,0.0,0.0,0.0,2011-02-24
2011-02-25,2011,0.0,0.0,0.0,0.0,0.0,2011-02-25
2011-02-26,2011,0.0,0.0,0.0,0.0,0.0,2011-02-26
2011-02-27,2011,0.0,0.0,0.0,0.0,0.0,2011-02-27
2011-02-28,2011,0.0,0.0,0.0,0.0,0.0,2011-02-28
2011-03-01,2011,0.4705496622872845,0.32207848444878534,2.4303498132077524e-11,0.5433197216197472,0.3339869670950301,2011-03-01
2011-03-02,2011,0.11591595408504352,0.07067877758735448,1.5009804335343741e-12,0.22950455607407944,0.10402482193699461,2011-03-02
2011-03-03,2011,0.11380011841255612,0.07628342682878435,0.6069103566818598,0.1609990651232731,0.23949824176161832,2011-03-03
2011-03-04,2011,0.08971500765420228,0.0627199561649016,0.1354203927538108,0.18337566312422118,0.11780775492428397,2011-03-04
2011-03-05,2011,0.19718436955823196,0.1310792134948677,0.6851145026539579,0.26886712203725244,0.3205613019360775,2011-03-05
2011-03-06,2011,0.245580653124705,0.1754637721257865,9.850820925691474e-12,0.37313129836573666,0.19854393090651976,2011-03-06
2011-03-07,2011,0.12248645153086285,0.07314800304542922,5.126089125411351e-13,0.2983208449829921,0.1234888248899492,2011-03-07
2011-03-08,2011,0.15025263575603187,0.07994132562098476,8.70969684482775e-13,0.29358530583999626,0.13094481680447095,2011-03-08
2011-03-09,2011,0.10096594887037444,0.06970625456031376,0.10893593110972588,0.23224635902832458,0.12796362339218467,2011-03-09
2011-03-10,2011,0.146709566575322,0.07527057322537993,9.369985445322985e-13,0.4062215159660206,0.15705041394191488,2011-03-10
2011-03-11,2011,0.3617606747483252,0.23693152558188077,0.7479957957571146,0.33428971567769916,0.42024442794125494,2011-03-11
2011-03-12,2011,0.1736813417645667,0.11422521215480874,0.8263412158901626,0.30577639884841457,0.35500604216448817,2011-03-12
2011-03-13,2011,0.0,0.0,0.0,0.0,0.0,2011-03-13
2011-03-14,2011,0.0,0.0,0.0,0.0,0.0,2011-03-14
2011-03-15,2011,0.0,0.0,0.0,0.0,0.0,2011-03-15
2011-03-16,2011,0.0,0.0,0.0,0.0,0.0,2011-03-16
2011-03-17,2011,0.0,0.0,0.0,0.0,0.0,2011-03-17
2011-03-18,2011,0.0,0.0,0.0,0.0,0.0,2011-03-18
2011-03-19,2011,0.0,0.0,0.0,0.0,0.0,2011-03-19
2011-03-20,2011,0.0,0.0,0.0,0.0,0.0,2011-03-20
2011-03-21,2011,0.0,0.0,0.0,0.0,0.0,2011-03-21
2011-03-22,2011,0.0,0.0,0.0,0.0,0.0,2011-03-22
2011-03-23,2011,0.0,0.0,0.0,0.0,0.0,2011-03-23
2011-03-24,2011,0.0,0.0,0.0,0.0,0.0,2011-03-24
2011-03-25,2011,0.0,0.0,0.0,0.0,0.0,2011-03-25
2011-03-26,2011,0.0,0.0,0.0,0.0,0.0,2011-03-26
2011-03-27,2011,0.0,0.0,0.0,0.0,0.0,2011-03-27
2011-03-28,2011,0.0,0.0,0.0,0.0,0.0,2011-03-28
2011-03-29,2011,0.0,0.0,0.0,0.0,0.0,2011-03-29
2011-03-30,2011,0.0,0.0,0.0,0.0,0.0,2011-03-30
2011-03-31,2011,0.0,0.0,0.0,0.0,0.0,2011-03-31
2011-04-01,2011,0.18225170022750217,0.12979379035614821,6.971597580633534e-12,0.39393346097844767,0.1764947378922674,2011-04-01
2011-04-02,2011,0.11755203727028174,0.07082260752815092,1.4005274132622316e-12,0.23683793684795673,0.10630314541194748,2011-04-02
2011-04-03,2011,0.07148991826237476,0.0491358867374354,0.48230834994261784,0.09641999418190089,0.17483853728108223,2011-04-03
2011-04-04,2011,0.0854214914170826,0.05921058027889286,0.4836493852232239,0.1168473023315079,0.18628218981267683,2011-04-04
2011-04-05,2011,0.41723864426706897,0.3044953364727164,1.7755337399783552e-11,0.5245558026014226,0.31157244583974086,2011-04-05
2011-04-06,2011,0.10779987418029043,0.07288774188723766,0.6034176978218594,0.1714819768086545,0.23889682267451048,2011-04-06
2011-04-07,2011,0.1034546595829904,0.07069399368564891,0.5125480878799904,0.1952831489547944,0.22049497252585604,2011-04-07
2011-04-08,2011,0.14996677451050489,0.0787712340358514,9.386441410473118e-13,0.29324293357611403,0.13049523553085224,2011-04-08
2011-04-09,2011,0.12777267590445623,0.07083485689430927,9.594244132284804e-13,0.3303018215217341,0.13222733858036476,2011-04-09
2011-04-10,2011,0.14256493940042103,0.08652741112448467,2.518409617739842e-12,0.33374796067628665,0.1407100778009277,2011-04-10
2011-04-11,2011,0.12461552800195562,0.06332721540355121,5.136883346394727e-13,0.32376531412065185,0.1279270143816681,2011-04-11
2011-04-12,2011,0.20706789529260736,0.1359830607997757,0.863478329126712,0.37097860640321295,0.394376972905577,2011-04-12
2011-04-13,2011,0.0,0.0,0.0,0.0,0.0,2011-04-13
2011-04-14,2011,0.0,0.0,0.0,0.0,0.0,2011-04-14
2011-04-15,2011,0.0,0.0,0.0,0.0,0.0,2011-04-15
2011-04-16,2011,0.0,0.0,0.0,0.0,0.0,2011-04-16
2011-04-17,2011,0.0,0.0,0.0,0.0,0.0,2011-04-17
2011-04-18,2011,0.0,0.0,0.0,0.0,0.0,2011-04-18
2011-04-19,2011,0.0,0.0,0.0,0.0,0.0,2011-04-19
2011-04-20,2011,0.0,0.0,0.0,0.0,0.0,2011-04-20
2011-04-21,2011,0.0,0.0,0.0,0.0,0.0,2011-04-21
2011-04-22,2011,0.0,0.0,0.0,0.0,0.0,2011-04-22
2011-04-23,2011,0.0,0.0,0.0,0.0,0.0,2011-04-23
2011-04-24,2011,0.0,0.0,0.0,0.0,0.0,2011-04-24
2011-04-25,2011,0.0,0.0,0.0,0.0,0.0,2011-04-25
2011-04-26,2011,0.0,0.0,0.0,0.0,0.0,2011-04-26
2011-04-27,2011,0.0,0.0,0.0,0.0,0.0,2011-04-27
2011-04-28,2011,0.0,0.0,0.0,0.0,0.0,2011-04-28
2011-04-29,2011,0.0,0.0,0.0,0.0,0.0,2011-04-29
2011-04-30,2011,0.0,0.0,0.0,0.0,0.0,2011-04-30
2011-05-01,2011,0.1690099443755369,0.11136060225500435,0.42996217908513096,0.31461640474419766,0.2562372826149675,2011-05-01
2011-05-02,2011,0.11978198779361575,0.07170812126733125,1.5479650327803654e-12,0.23221278264278825,0.1059257229263208,2011-05-02
2011-05-03,2011,0.08049175334655558,0.056147338815460454,0.39822340304390463,0.10657988625238099,0.16036059536457542,2011-05-03
2011-05-04,2011,0.113540347759272,0.06741834828478611,1.1037154464343892e-12,0.2351541995645346,0.10402822390242411,2011-05-04
2011-05-05,2011,0.7996026558546023,0.7129237569545167,1.909552849618139e-11,0.849966371952691,0.5906231961952264,2011-05-05
2011-05-06,2011,0.13089851660445265,0.07508346316123844,1.060973574425705e-12,0.2374962158591575,0.1108695489064774,2011-05-06
2011-05-07,2011,0.27224614452055385,0.18934704715893366,0.09894217076918957,0.4930636796455224,0.26339976052354985,2011-05-07
2011-05-08,2011,0.11513809874651038,0.07760740199157563,0.5401408886213848,0.23291225359949344,0.24144966073974106,2011-05-08
2011-05-09,2011,0.13258803981620082,0.07350497805590134,1.118741303122821e-12,0.3431234512418299,0.1373041172787627,2011-05-09
2011-05-10,2011,0.4356102765284149,0.4640376579318256,1.3782370589700553e-11,0.8244396364676102,0.43102189273540825,2011-05-10
2011-05-11,2011,0.11044657084662875,0.07556791617207984,0.534452801836638,0.24459118758550702,0.2412646191102134,2011-05-11
2011-05-12,2011,0.4697149693741009,0.34253486606730627,1.4117652289198709e-11,0.6180943997327901,0.3575860587970787,2011-05-12
2011-05-13,2011,0.0,0.0,0.0,0.0,0.0,2011-05-13
2011-05-14,2011,0.0,0.0,0.0,0.0,0.0,2011-05-14
2011-05-15,2011,0.0,0.0,0.0,0.0,0.0,2011-05-15
2011-05-16,2011,0.0,0.0,0.0,0.0,0.0,2011-05-16
2011-05-17,2011,0.0,0.0,0.0,0.0,0.0,2011-05-17
2011-05-18,2011,0.0,0.0,0.0,0.0,0.0,2011-05-18
2011-05-19,2011,0.0,0.0,0.0,0.0,0.0,2011-05-19
2011-05-20,2011,0.0,0.0,0.0,0.0,0.0,2011-05-20
2011-05-21,2011,0.0,0.0,0.0,0.0,0.0,2011-05-21
2011-05-22,2011,0.0,0.0,0.0,0.0,0.0,2011-05-22
2011-05-23,2011,0.0,0.0,0.0,0.0,0.0,2011-05-23
2011-05-24,2011,0.0,0.0,0.0,0.0,0.0,2011-05-24
2011-05-25,2011,0.0,0.0,0.0,0.0,0.0,2011-05-25
2011-05-26,2011,0.0,0.0,0.0,0.0,0.0,2011-05-26
2011-05-27,2011,0.0,0.0,0.0,0.0,0.0,2011-05-27
2011-05-28,2011,0.0,0.0,0.0,0.0,0.0,2011-05-28
2011-05-29,2011,0.0,0.0,0.0,0.0,0.0,2011-05-29
2011-05-30,2011,0.0,0.0,0.0,0.0,0.0,2011-05-30
2011-05-31,2011,0.0,0.0,0.0,0.0,0.0,2011-05-31
2011-06-01,2011,0.1635780279344039,0.10767308568200355,0.5950646036107266,0.3137972174195176,0.2950282336616629,2011-06-01
2011-06-02,2011,0.10235260680846381,0.06612858719976812,1.811883084949047e-12,0.18715868374618017,0.08890996943905599,2011-06-02
2011-06-03,2011,0.10671724005862436,0.06391677390154366,9.25546456832261e-13,0.21387891421658423,0.09612823204441945,2011-06-03
2011-06-04,2011,0.0827719099530412,0.057755284594474085,0.44091352527869443,0.17970007806319174,0.19028519947235037,2011-06-04
2011-06-05,2011,0.17029643152373747,0.1124023778213551,0.17978791077746017,0.231168378342092,0.1734137746161612,2011-06-05
2011-06-06,2011,0.12858067904060708,0.08045778061372136,1.6895234876585481e-12,0.22843180868114282,0.10936756708429018,2011-06-06
2011-06-07,2011,0.1377378416834696,0.0678838820405552,3.0335924535813776e-13,0.33305562026209484,0.13466933599660574,2011-06-07
2011-06-08,2011,0.445571606794574,0.3024836629228345,1.5939630061832767e-11,0.6156705858273203,0.3409314638901671,2011-06-08
2011-06-09,2011,0.15690204597737056,0.08199636753363486,1.1887011395113006e-12,0.4052555474412594,0.1610384902383634,2011-06-09
2011-06-10,2011,0.3880628039056511,0.2665778206272685,1.7747731877794287e-11,0.493798493469352,0.2871097795050048,2011-06-10
2011-06-11,2011,0.13671117207539712,0.09134214296688666,0.8960765581708864,0.24586520666609604,0.34249876996981654,2011-06-11
2011-06-12,2011,0.6893900352544916,0.7482926572150751,1.9246525626103922e-11,0.9371747428655725,0.5937143588385965,2011-06-12
2011-06-13,2011,0.0,0.0,0.0,0.0,0.0,2011-06-13
2011-06-14,2011,0.0,0.0,0.0,0.0,0.0,2011-06-14
2011-06-15,2011,0.0,0.0,0.0,0.0,0.0,2011-06-15
2011-06-16,2011,0.0,0.0,0.0,0.0,0.0,2011-06-16
2011-06-17,2011,0.0,0.0,0.0,0.0,0.0,2011-06-17
2011-06-18,2011,0.0,0.0,0.0,0.0,0.0,2011-06-18
2011-06-19,2011,0.0,0.0,0.0,0.0,0.0,2011-06-19
2011-06-20,2011,0.0,0.0,0.0,0.0,0.0,2011-06-20
2011-06-21,2011,0.0,0.0,0.0,0.0,0.0,2011-06-21
2011-06-22,2011,0.0,0.0,0.0,0.0,0.0,2011-06-22
2011-06-23,2011,0.0,0.0,0.0,0.0,0.0,2011-06-23
2011-06-24,2011,0.0,0.0,0.0,0.0,0.0,2011-06-24
2011-06-25,2011,0.0,0.0,0.0,0.0,0.0,2011-06-25
2011-06-26,2011,0.0,0.0,0.0,0.0,0.0,2011-06-26
2011-06-27,2011,0.0,0.0,0.0,0.0,0.0,2011-06-27
2011-06-28,2011,0.0,0.0,0.0,0.0,0.0,2011-06-28
2011-06-29,2011,0.0,0.0,0.0,0.0,0.0,2011-06-29
2011-06-30,2011,0.0,0.0,0.0,0.0,0.0,2011-06-30
2011-07-01,2011,0.12102497544612188,0.08109276918446416,0.4701360776540277,0.2410494743992459,0.22832582417096492,2011-07-01
2011-07-02,2011,0.25753261385713017,0.16940148369999022,1.388904512178202e-11,0.3324468233969776,0.1898452302419968,2011-07-02
2011-07-03,2011,0.07258284872007532,0.05165215486043493,0.32092160151790916,0.13715509234445805,0.14557792436071937,2011-07-03
2011-07-04,2011,0.09346150137133183,0.0642689203561476,0.47785778412431895,0.16880121574715715,0.20109735539973886,2011-07-04
2011-07-05,2011,0.2592999237015921,0.2282664984680047,1.0747711430103287e-11,0.5684888097703196,0.26401380798766605,2011-07-05
2011-07-06,2011,0.14020278278261528,0.09290014309119735,0.6441241022912595,0.21763141110779058,0.27371460981821566,2011-07-06
2011-07-07,2011,0.1388550856297768,0.08399793801584954,1.344623097195935e-12,0.2729901977704729,0.12396080535436096,2011-07-07
2011-07-08,2011,0.12033360104614119,0.07707984018116021,1.0853038771804526e-12,0.22912185007198158,0.10663382282509207,2011-07-08
2011-07-09,2011,0.1347224738829586,0.07314800304542922,7.504180450304742e-13,0.35913387160549387,0.14175108713365803,2011-07-09
2011-07-10,2011,0.24698884255999634,0.16198769095725343,0.5132768007665874,0.3775710733124007,0.3249561018990595,2011-07-10
2011-07-11,2011,0.09704710542290161,0.06631143041973492,0.6516493502071232,0.18977811409883516,0.2511965000371488,2011-07-11
2011-07-12,2011,0.6251781563755286,0.6515605879657638,1.429047158601895e-11,0.911831426956907,0.5471425428281225,2011-07-12
2011-07-13,2011,0.0,0.0,0.0,0.0,0.0,2011-07-13
2011-07-14,2011,0.0,0.0,0.0,0.0,0.0,2011-07-14
2011-07-15,2011,0.0,0.0,0.0,0.0,0.0,2011-07-15
2011-07-16,2011,0.0,0.0,0.0,0.0,0.0,2011-07-16
2011-07-17,2011,0.0,0.0,0.0,0.0,0.0,2011-07-17
2011-07-18,2011,0.0,0.0,0.0,0.0,0.0,2011-07-18
2011-07-19,2011,0.0,0.0,0.0,0.0,0.0,2011-07-19
2011-07-20,2011,0.0,0.0,0.0,0.0,0.0,2011-07-20
2011-07-21,2011,0.0,0.0,0.0,0.0,0.0,2011-07-21
2011-07-22,2011,0.0,0.0,0.0,0.0,0.0,2011-07-22
2011-07-23,2011,0.0,0.0,0.0,0.0,0.0,2011-07-23
2011-07-24,2011,0.0,0.0,0.0,0.0,0.0,2011-07-24
2011-07-25,2011,0.0,0.0,0.0,0.0,0.0,2011-07-25
2011-07-26,2011,0.0,0.0,0.0,0.0,0.0,2011-07-26
2011-07-27,2011,0.0,0.0,0.0,0.0,0.0,2011-07-27
2011-07-28,2011,0.0,0.0,0.0,0.0,0.0,2011-07-28
2011-07-29,2011,0.0,0.0,0.0,0.0,0.0,2011-07-29
2011-07-30,2011,0.0,0.0,0.0,0.0,0.0,2011-07-30
2011-07-31,2011,0.0,0.0,0.0,0.0,0.0,2011-07-31
2011-08-01,2011,0.11100524802186722,0.0754695729136183,0.36725230726922553,0.2153451232938983,0.19226806287465234,2011-08-01
2011-08-02,2011,0.40591818257106455,0.30936511524805366,1.5499657269999375e-11,0.5493410128195015,0.3161560776635298,2011-08-02
2011-08-03,2011,0.08173611665725869,0.05743100549441112,0.06709118718304448,0.14702476240565615,0.08832076793509261,2011-08-03
2011-08-04,2011,0.2675167138821258,0.16488187215717767,8.039743566743277e-12,0.33684482587571674,0.192310852980765,2011-08-04
2011-08-05,2011,0.054370425046612894,0.038649295357225916,0.4018364433326876,0.11000869560053579,0.15121621483426556,2011-08-05
2011-08-06,2011,0.13390670102487529,0.08858075575400327,0.6756027062896949,0.24809357173636565,0.28654593370123477,2011-08-06
2011-08-07,2011,0.11654003776143611,0.06847007715071299,6.592065731420281e-13,0.2592300588091626,0.11106004343049272,2011-08-07
2011-08-08,2011,0.10386930377644493,0.0712230342117777,0.03885942538911638,0.1878041708168755,0.10043898354855363,2011-08-08
2011-08-09,2011,0.11158423081847868,0.07380249546669054,2.051293000595363e-12,0.2280612932012053,0.10336200487210645,2011-08-09
2011-08-10,2011,0.0653980034941849,0.04700243646734561,0.46373905840110846,0.16808238093670264,0.1860554698248354,2011-08-10
2011-08-11,2011,0.12356989318886408,0.08272308359692515,0.8117918478771835,0.23817598929065847,0.31406520348840783,2011-08-11
2011-08-12,2011,0.7472710512449213,0.8350199221711972,1.5380062660051468e-11,0.9201492476189815,0.62561005526262,2011-08-12
2011-08-13,2011,0.0,0.0,0.0,0.0,0.0,2011-08-13
2011-08-14,2011,0.0,0.0,0.0,0.0,0.0,2011-08-14
2011-08-15,2011,0.0,0.0,0.0,0.0,0.0,2011-08-15
2011-08-16,2011,0.0,0.0,0.0,0.0,0.0,2011-08-16
2011-08-17,2011,0.0,0.0,0.0,0.0,0.0,2011-08-17
2011-08-18,2011,0.0,0.0,0.0,0.0,0.0,2011-08-18
2011-08-19,2011,0.0,0.0,0.0,0.0,0.0,2011-08-19
2011-08-20,2011,0.0,0.0,0.0,0.0,0.0,2011-08-20
2011-08-21,2011,0.0,0.0,0.0,0.0,0.0,2011-08-21
2011-08-22,2011,0.0,0.0,0.0,0.0,0.0,2011-08-22
2011-08-23,2011,0.0,0.0,0.0,0.0,0.0,2011-08-23
2011-08-24,2011,0.0,0.0,0.0,0.0,0.0,2011-08-24
2011-08-25,2011,0.0,0.0,0.0,0.0,0.0,2011-08-25
2011-08-26,2011,0.0,0.0,0.0,0.0,0.0,2011-08-26
2011-08-27,2011,0.0,0.0,0.0,0.0,0.0,2011-08-27
2011-08-28,2011,0.0,0.0,0.0,0.0,0.0,2011-08-28
2011-08-29,2011,0.0,0.0,0.0,0.0,0.0,2011-08-29
2011-08-30,2011,0.0,0.0,0.0,0.0,0.0,2011-08-30
2011-08-31,2011,0.0,0.0,0.0,0.0,0.0,2011-08-31
2011-09-01,2011,0.16644218508494274,0.09141897506215876,2.9336063384478076e-12,0.38579565142024896,0.16091420289257102,2011-09-01
2011-09-02,2011,0.100514462933607,0.0684585858305911,0.47606660572332354,0.15038682618634294,0.19885662016846614,2011-09-02
2011-09-03,2011,0.08982046961565307,0.06097688517247682,0.3916671124825341,0.11786633882537852,0.16508270152401064,2011-09-03
2011-09-04,2011,0.10057212783402496,0.06810480373277876,0.5875964911403506,0.1585683560143358,0.22871044468037255,2011-09-04
2011-09-05,2011,0.054833029697107835,0.03820509137118408,0.37711581215248086,0.09659526183865401,0.1416872987648567,2011-09-05
2011-09-06,2011,0.14976328210780823,0.09918332198926882,0.6355881072313339,0.2170836601235244,0.2754045928629838,2011-09-06
2011-09-07,2011,0.10821938015602009,0.07397967258531239,0.23926971296060354,0.235279708324952,0.16418711850672202,2011-09-07
2011-09-08,2011,0.1011561738900091,0.06942000261638227,0.3460733537132845,0.19183452260683845,0.17712101320662857,2011-09-08
2011-09-09,2011,0.08718805580475099,0.060864570851095826,0.4017596711691844,0.1860297893300765,0.18396052178877692,2011-09-09
2011-09-10,2011,0.12753023871120328,0.07539523787191625,1.5575972283019095e-12,0.33137132642965156,0.13357420075358217,2011-09-10
2011-09-11,2011,0.31561914017540155,0.22859163959089654,1.3869279107513043e-11,0.47528515027529805,0.25487398251386634,2011-09-11
2011-09-12,2011,0.22609019731859337,0.1482524595771123,1.0,0.35034272467236505,0.43117134539201774,2011-09-12
2011-09-13,2011,0.0,0.0,0.0,0.0,0.0,2011-09-13
2011-09-14,2011,0.0,0.0,0.0,0.0,0.0,2011-09-14
2011-09-15,2011,0.0,0.0,0.0,0.0,0.0,2011-09-15
2011-09-16,2011,0.0,0.0,0.0,0.0,0.0,2011-09-16
2011-09-17,2011,0.0,0.0,0.0,0.0,0.0,2011-09-17
2011-09-18,2011,0.0,0.0,0.0,0.0,0.0,2011-09-18
2011-09-19,2011,0.0,0.0,0.0,0.0,0.0,2011-09-19
2011-09-20,2011,0.0,0.0,0.0,0.0,0.0,2011-09-20
2011-09-21,2011,0.0,0.0,0.0,0.0,0.0,2011-09-21
2011-09-22,2011,0.0,0.0,0.0,0.0,0.0,2011-09-22
2011-09-23,2011,0.0,0.0,0.0,0.0,0.0,2011-09-23
2011-09-24,2011,0.0,0.0,0.0,0.0,0.0,2011-09-24
2011-09-25,2011,0.0,0.0,0.0,0.0,0.0,2011-09-25
2011-09-26,2011,0.0,0.0,0.0,0.0,0.0,2011-09-26
2011-09-27,2011,0.0,0.0,0.0,0.0,0.0,2011-09-27
2011-09-28,2011,0.0,0.0,0.0,0.0,0.0,2011-09-28
2011-09-29,2011,0.0,0.0,0.0,0.0,0.0,2011-09-29
2011-09-30,2011,0.0,0.0,0.0,0.0,0.0,2011-09-30
2011-10-01,2011,0.1735727700781336,0.11549979932593027,0.7484239115617575,0.26379854917449874,0.32532375753508,2011-10-01
2011-10-02,2011,0.12557754056070522,0.08364846030529091,0.6703293273923531,0.19952929024150276,0.269771154624963,2011-10-02
2011-10-03,2011,0.12942171790970564,0.0717065938867816,1.5878291310151241e-12,0.28456274750479393,0.12142276482571726,2011-10-03
2011-10-04,2011,0.07737201769722474,0.05463483897960454,0.33297124085730523,0.1500442107912656,0.15375557708135001,2011-10-04
2011-10-05,2011,0.05681849661505805,0.03895330898600136,0.38970756064878687,0.08237231158518264,0.14196291945875722,2011-10-05
2011-10-06,2011,0.2099386099566106,0.14734091334327606,8.806459097005402e-12,0.3272802460647006,0.17113994234334842,2011-10-06
2011-10-07,2011,0.13724191837148902,0.06596814283263916,2.402921123375679e-13,0.3350331622438936,0.13456080586206554,2011-10-07
2011-10-08,2011,0.08970610612563563,0.06162427149159545,0.6077118419790041,0.17861304403478812,0.23441381590775584,2011-10-08
2011-10-09,2011,0.05714048103566779,0.04111838732136954,0.45026672344554086,0.13117719749180748,0.16992569732359641,2011-10-09
2011-10-10,2011,0.13900322259855102,0.07009592645900642,3.459128114649118e-13,0.3905865668357696,0.14992142897341823,2011-10-10
2011-10-11,2011,0.5034180863031195,0.36391494939724073,1.620020720923499e-11,0.6874177507368767,0.3886876966133592,2011-10-11
2011-10-12,2011,0.5521005134552934,0.40602091682714125,1.978159275546581e-11,0.6564956100019581,0.4036542600760436,2011-10-12
2011-10-13,2011,0.0,0.0,0.0,0.0,0.0,2011-10-13
2011-10-14,2011,0.0,0.0,0.0,0.0,0.0,2011-10-14
2011-10-15,2011,0.0,0.0,0.0,0.0,0.0,2011-10-15
2011-10-16,2011,0.0,0.0,0.0,0.0,0.0,2011-10-16
2011-10-17,2011,0.0,0.0,0.0,0.0,0.0,2011-10-17
2011-10-18,2011,0.0,0.0,0.0,0.0,0.0,2011-10-18
2011-10-19,2011,0.0,0.0,0.0,0.0,0.0,2011-10-19
2011-10-20,2011,0.0,0.0,0.0,0.0,0.0,2011-10-20
2011-10-21,2011,0.0,0.0,0.0,0.0,0.0,2011-10-21
2011-10-22,2011,0.0,0.0,0.0,0.0,0.0,2011-10-22
2011-10-23,2011,0.0,0.0,0.0,0.0,0.0,2011-10-23
2011-10-24,2011,0.0,0.0,0.0,0.0,0.0,2011-10-24
2011-10-25,2011,0.0,0.0,0.0,0.0,0.0,2011-10-25
2011-10-26,2011,0.0,0.0,0.0,0.0,0.0,2011-10-26
2011-10-27,2011,0.0,0.0,0.0,0.0,0.0,2011-10-27
2011-10-28,2011,0.0,0.0,0.0,0.0,0.0,2011-10-28
2011-10-29,2011,0.0,0.0,0.0,0.0,0.0,2011-10-29
2011-10-30,2011,0.0,0.0,0.0,0.0,0.0,2011-10-30
2011-10-31,2011,0.0,0.0,0.0,0.0,0.0,2011-10-31
2011-11-01,2011,0.1614544070612126,0.10593626807774825,0.8678311812336778,0.3258839719139707,0.36527645707165235,2011-11-01
2011-11-02,2011,0.055581308363783624,0.038817613854070794,0.41031631190765266,0.0770785852481108,0.1454484548434045,2011-11-02
2011-11-03,2011,0.12238315266597254,0.08203913311591522,0.7102795902851482,0.18551592175042053,0.27505444945436414,2011-11-03
2011-11-04,2011,0.2463071923141052,0.1432760522997993,1.0127891380548639e-11,0.20425823165819978,0.14846036907055804,2011-11-04
2011-11-05,2011,0.44725164176139826,0.28761816709950205,2.103704224135772e-11,0.4159497066741811,0.2877048788890296,2011-11-05
2011-11-06,2011,0.11865184740875462,0.08088747510684854,0.6867011861069645,0.11268913572082001,0.24973241108584693,2011-11-06
2011-11-07,2011,0.13348745099890594,0.07043339238540572,4.0146555310634145e-13,0.3390376875616664,0.1357396327365949,2011-11-07
2011-11-08,2011,0.07802508856402818,0.05459391239355569,0.49788603800112025,0.15168928837542822,0.19554858183353307,2011-11-08
2011-11-09,2011,0.3194622636481555,0.26347632496708945,1.306487000069641e-11,0.6209609358654798,0.3009748811234474,2011-11-09
2011-11-10,2011,0.18468508726776678,0.12185647414422,9.91020348994619e-12,0.40769283971722503,0.1785586002847805,2011-11-10
2011-11-11,2011,0.5543834796462589,0.6203400220373408,1.7512472614415408e-11,0.8438909409463462,0.5046536106618646,2011-11-11
2011-11-12,2011,0.3285621932655283,0.43367267548745303,1.1524894038044743e-11,0.8637575844427756,0.4064981133018205,2011-11-12
2011-11-13,2011,0.0,0.0,0.0,0.0,0.0,2011-11-13
2011-11-14,2011,0.0,0.0,0.0,0.0,0.0,2011-11-14
2011-11-15,2011,0.0,0.0,0.0,0.0,0.0,2011-11-15
2011-11-16,2011,0.0,0.0,0.0,0.0,0.0,2011-11-16
2011-11-17,2011,0.0,0.0,0.0,0.0,0.0,2011-11-17
2011-11-18,2011,0.0,0.0,0.0,0.0,0.0,2011-11-18
2011-11-19,2011,0.0,0.0,0.0,0.0,0.0,2011-11-19
2011-11-20,2011,0.0,0.0,0.0,0.0,0.0,2011-11-20
2011-11-21,2011,0.0,0.0,0.0,0.0,0.0,2011-11-21
2011-11-22,2011,0.0,0.0,0.0,0.0,0.0,2011-11-22
2011-11-23,2011,0.0,0.0,0.0,0.0,0.0,2011-11-23
2011-11-24,2011,0.0,0.0,0.0,0.0,0.0,2011-11-24
2011-11-25,2011,0.0,0.0,0.0,0.0,0.0,2011-11-25
2011-11-26,2011,0.0,0.0,0.0,0.0,0.0,2011-11-26
2011-11-27,2011,0.0,0.0,0.0,0.0,0.0,2011-11-27
2011-11-28,2011,0.0,0.0,0.0,0.0,0.0,2011-11-28
2011-11-29,2011,0.0,0.0,0.0,0.0,0.0,2011-11-29
2011-11-30,2011,0.0,0.0,0.0,0.0,0.0,2011-11-30
2011-12-01,2011,0.17707248189858685,0.09263436584608366,2.461994952013523e-12,0.4263009960640775,0.17400196095280251,2011-12-01
2011-12-02,2011,0.7806566107512428,0.6773606885337768,1.958073928271651e-11,0.8507914490526858,0.5772021870893216,2011-12-02
2011-12-03,2011,0.05152191724927986,0.037577156059536994,0.37349414396334313,0.09745488552950252,0.14001202570041563,2011-12-03
2011-12-04,2011,0.39059997702120913,0.25750214824176926,2.1320281087650883e-11,0.42606191351749345,0.26854100970044803,2011-12-04
2011-12-05,2011,0.14499269766666414,0.09654445741058475,0.24740574526085088,0.20883385371112947,0.1744441885123073,2011-12-05
2011-12-06,2011,0.09034879514830911,0.06203163254440125,0.6265581449910986,0.16277178141413937,0.23542758852448709,2011-12-06
2011-12-07,2011,0.1324907638972712,0.07131516654833356,5.292495714837834e-13,0.3451907075199176,0.1372491594915129,2011-12-07
2011-12-08,2011,0.15527100779756428,0.103112346656342,0.8407890576121486,0.2715451077796563,0.3426793799614278,2011-12-08
2011-12-09,2011,0.12626438919967603,0.0631326000417329,7.270333061127825e-13,0.3476491974874104,0.1342615466823866,2011-12-09
2011-12-10,2011,0.12128565614635659,0.08227971312659063,0.6685735191323223,0.2579004737244901,0.2825098405324399,2011-12-10
2011-12-11,2011,0.26300269912110824,0.19380021181751395,9.748984278203093e-12,0.45985179942067417,0.22916367759226133,2011-12-11
2011-12-12,2011,0.5590310859994876,0.5064749795370901,1.3813063625029254e-11,0.8072612451530476,0.4681918276758596,2011-12-12
